ID	Description	GeneRatio	BgRatio	pvalue	p.adjust	qvalue	geneID	Count
KEGG_ADHERENS_JUNCTION	KEGG_ADHERENS_JUNCTION	4/91	69/11635	0.00205433716514521	0.528619920032798	0.520967575298358	BAIAP2/IGF1R/PTPRJ/TCF7L2	4
REACTOME_REPRESSION_OF_WNT_TARGET_GENES	REACTOME_REPRESSION_OF_WNT_TARGET_GENES	2/91	14/11635	0.00517923810396959	0.528619920032798	0.520967575298358	TCF7L2/CTBP2	2
REACTOME_RHOA_GTPASE_CYCLE	REACTOME_RHOA_GTPASE_CYCLE	5/91	143/11635	0.00521833899016294	0.528619920032798	0.520967575298358	ARHGAP24/ARHGAP32/DLC1/ARHGAP28/ARHGAP42	5
REACTOME_CDC42_GTPASE_CYCLE	REACTOME_CDC42_GTPASE_CYCLE	5/91	152/11635	0.00673245345118241	0.528619920032798	0.520967575298358	ARHGAP24/ARHGAP32/BAIAP2/DLC1/ARHGAP42	5
KEGG_GLYOXYLATE_AND_DICARBOXYLATE_METABOLISM	KEGG_GLYOXYLATE_AND_DICARBOXYLATE_METABOLISM	2/91	16/11635	0.00676077639846501	0.528619920032798	0.520967575298358	ACO1/AFMID	2
WP_WNT_SIGNALING	WP_WNT_SIGNALING	4/91	106/11635	0.00948844161468428	0.528619920032798	0.520967575298358	CCND3/TCF7L2/CTBP2/PRICKLE2	4
HALLMARK_KRAS_SIGNALING_DN	HALLMARK_KRAS_SIGNALING_DN	5/91	172/11635	0.011152215946376	0.528619920032798	0.520967575298358	CPEB3/NR6A1/PTPRJ/ZBTB16/CDH16	5
REACTOME_RAC1_GTPASE_CYCLE	REACTOME_RAC1_GTPASE_CYCLE	5/91	177/11635	0.0125078128978367	0.528619920032798	0.520967575298358	ARHGAP24/ARHGAP32/BAIAP2/DLC1/ARHGAP42	5
WP_FRAGILE_X_SYNDROME	WP_FRAGILE_X_SYNDROME	4/91	118/11635	0.0136600960044115	0.528619920032798	0.520967575298358	ARHGAP32/DICER1/DNM1/GPHN	4
HALLMARK_P53_PATHWAY	HALLMARK_P53_PATHWAY	5/91	187/11635	0.0155463944202254	0.528619920032798	0.520967575298358	BAIAP2/CCND3/KIF13B/TM7SF3/ZBTB16	5
REACTOME_RHO_GTPASE_CYCLE	REACTOME_RHO_GTPASE_CYCLE	8/91	419/11635	0.0166344228058395	0.528619920032798	0.520967575298358	ARHGAP24/ARHGAP32/BAIAP2/DLC1/OSBPL11/ARHGAP28/ARHGAP42/CKB	8
REACTOME_BIOLOGICAL_OXIDATIONS	REACTOME_BIOLOGICAL_OXIDATIONS	5/91	193/11635	0.0175883831895613	0.528619920032798	0.520967575298358	ACSS1/ACSM2A/ACSM2B/CES3/CMBL	5
HALLMARK_ESTROGEN_RESPONSE_EARLY	HALLMARK_ESTROGEN_RESPONSE_EARLY	5/91	196/11635	0.0186731465966814	0.528619920032798	0.520967575298358	ADCY9/DLC1/IGF1R/INPP5F/MAPT	5
REACTOME_TNFS_BIND_THEIR_PHYSIOLOGICAL_RECEPTORS	REACTOME_TNFS_BIND_THEIR_PHYSIOLOGICAL_RECEPTORS	2/91	28/11635	0.0200429913921086	0.528619920032798	0.520967575298358	EDA/TNFRSF14	2
WP_NCRNAS_INVOLVED_IN_WNT_SIGNALING_IN_HEPATOCELLULAR_CARCINOMA	WP_NCRNAS_INVOLVED_IN_WNT_SIGNALING_IN_HEPATOCELLULAR_CARCINOMA	3/91	79/11635	0.0238805411325682	0.528619920032798	0.520967575298358	CCND3/TCF7L2/CTBP2	3
REACTOME_SIGNALING_BY_WNT_IN_CANCER	REACTOME_SIGNALING_BY_WNT_IN_CANCER	2/91	31/11635	0.0242866347283435	0.528619920032798	0.520967575298358	TCF7L2/CTBP2	2
WP_AMINO_ACID_METABOLISM	WP_AMINO_ACID_METABOLISM	3/91	81/11635	0.0254811113586782	0.528619920032798	0.520967575298358	ACSS1/GOT1/PDK4	3
REACTOME_CARGO_CONCENTRATION_IN_THE_ER	REACTOME_CARGO_CONCENTRATION_IN_THE_ER	2/91	32/11635	0.0257758669771899	0.528619920032798	0.520967575298358	F8/SERPINA1	2
KEGG_WNT_SIGNALING_PATHWAY	KEGG_WNT_SIGNALING_PATHWAY	4/91	144/11635	0.0262684911891101	0.528619920032798	0.520967575298358	CCND3/TCF7L2/CTBP2/PRICKLE2	4
WP_NUCLEAR_RECEPTORS_METAPATHWAY	WP_NUCLEAR_RECEPTORS_METAPATHWAY	6/91	291/11635	0.0263770157111605	0.528619920032798	0.520967575298358	PDK4/SERPINA1/TGFBR3/TSC22D3/CES3/SLC5A1	6
KEGG_BUTANOATE_METABOLISM	KEGG_BUTANOATE_METABOLISM	2/91	33/11635	0.0273013474386472	0.528619920032798	0.520967575298358	ACSM2A/L2HGDH	2
WNT_SIGNALING	WNT_SIGNALING	3/91	84/11635	0.0279879417014167	0.528619920032798	0.520967575298358	CCND3/DIXDC1/CTBP2	3
WP_LNCRNA_INVOLVEMENT_IN_CANONICAL_WNT_SIGNALING_AND_COLORECTAL_CANCER	WP_LNCRNA_INVOLVEMENT_IN_CANONICAL_WNT_SIGNALING_AND_COLORECTAL_CANCER	3/91	88/11635	0.0315275757792629	0.528619920032798	0.520967575298358	CCND3/TCF7L2/CTBP2	3
PID_AURORA_B_PATHWAY	PID_AURORA_B_PATHWAY	2/91	36/11635	0.0320888689955736	0.528619920032798	0.520967575298358	TACC1/PEBP1	2
WP_THE_INFLUENCE_OF_LAMINOPATHIES_ON_WNT_SIGNALING	WP_THE_INFLUENCE_OF_LAMINOPATHIES_ON_WNT_SIGNALING	2/91	36/11635	0.0320888689955736	0.528619920032798	0.520967575298358	DICER1/TCF7L2	2
REACTOME_RAC3_GTPASE_CYCLE	REACTOME_RAC3_GTPASE_CYCLE	3/91	90/11635	0.0333815133748448	0.528619920032798	0.520967575298358	ARHGAP32/BAIAP2/ARHGAP42	3
REACTOME_FCGR3A_MEDIATED_IL10_SYNTHESIS	REACTOME_FCGR3A_MEDIATED_IL10_SYNTHESIS	2/91	37/11635	0.0337529712521548	0.528619920032798	0.520967575298358	ADCY9/ITPR2	2
KEGG_VASOPRESSIN_REGULATED_WATER_REABSORPTION	KEGG_VASOPRESSIN_REGULATED_WATER_REABSORPTION	2/91	39/11635	0.037179869993468	0.528619920032798	0.520967575298358	ADCY9/DYNC2H1	2
HALLMARK_ANDROGEN_RESPONSE	HALLMARK_ANDROGEN_RESPONSE	3/91	95/11635	0.0382597963481036	0.528619920032798	0.520967575298358	ARID5B/CCND3/LIFR	3
REACTOME_PHASE_I_FUNCTIONALIZATION_OF_COMPOUNDS	REACTOME_PHASE_I_FUNCTIONALIZATION_OF_COMPOUNDS	3/91	96/11635	0.0392768950128781	0.528619920032798	0.520967575298358	ACSS1/CES3/CMBL	3
WP_WNT_SIGNALING_PATHWAY_AND_PLURIPOTENCY	WP_WNT_SIGNALING_PATHWAY_AND_PLURIPOTENCY	3/91	97/11635	0.0403077123278781	0.528619920032798	0.520967575298358	CCND3/TCF7L2/CTBP2	3
REACTOME_DAG_AND_IP3_SIGNALING	REACTOME_DAG_AND_IP3_SIGNALING	2/91	41/11635	0.0407343497041856	0.528619920032798	0.520967575298358	ADCY9/ITPR2	2
WP_PATHWAYS_REGULATING_HIPPO_SIGNALING	WP_PATHWAYS_REGULATING_HIPPO_SIGNALING	3/91	98/11635	0.0413522035294042	0.528619920032798	0.520967575298358	IGF1R/TCF7L2/CDH16	3
PID_LKB1_PATHWAY	PID_LKB1_PATHWAY	2/91	44/11635	0.0462950052488153	0.528619920032798	0.520967575298358	MAPT/SIK3	2
KEGG_OOCYTE_MEIOSIS	KEGG_OOCYTE_MEIOSIS	3/91	104/11635	0.0479035662010202	0.528619920032798	0.520967575298358	ADCY9/IGF1R/ITPR2	3
KEGG_ARGININE_AND_PROLINE_METABOLISM	KEGG_ARGININE_AND_PROLINE_METABOLISM	2/91	48/11635	0.0541127011765373	0.528619920032798	0.520967575298358	GOT1/CKB	2
WP_PHOSPHODIESTERASES_IN_NEURONAL_FUNCTION	WP_PHOSPHODIESTERASES_IN_NEURONAL_FUNCTION	2/91	48/11635	0.0541127011765373	0.528619920032798	0.520967575298358	ADCY9/PDE7A	2
HALLMARK_HEME_METABOLISM	HALLMARK_HEME_METABOLISM	4/91	184/11635	0.0560458651929105	0.528619920032798	0.520967575298358	ALDH1L1/CCND3/MXI1/SLC25A37	4
REACTOME_PYRUVATE_METABOLISM_AND_CITRIC_ACID_TCA_CYCLE	REACTOME_PYRUVATE_METABOLISM_AND_CITRIC_ACID_TCA_CYCLE	2/91	50/11635	0.0581845853438788	0.528619920032798	0.520967575298358	PDK4/L2HGDH	2
PID_TAP63_PATHWAY	PID_TAP63_PATHWAY	2/91	51/11635	0.060259422137202	0.528619920032798	0.520967575298358	DICER1/SPATA18	2
HALLMARK_COMPLEMENT	HALLMARK_COMPLEMENT	4/91	189/11635	0.0606715808374431	0.528619920032798	0.520967575298358	F8/SERPINA1/CPQ/L3MBTL4	4
REACTOME_G_PROTEIN_MEDIATED_EVENTS	REACTOME_G_PROTEIN_MEDIATED_EVENTS	2/91	53/11635	0.0644842948035515	0.528619920032798	0.520967575298358	ADCY9/ITPR2	2
WP_THE_OVERLAP_BETWEEN_SIGNAL_TRANSDUCTION_PATHWAYS_THAT_CONTRIBUTE_TO_A_RANGE_OF_LMNA_LAMINOPATHIES	WP_THE_OVERLAP_BETWEEN_SIGNAL_TRANSDUCTION_PATHWAYS_THAT_CONTRIBUTE_TO_A_RANGE_OF_LMNA_LAMINOPATHIES	2/91	53/11635	0.0644842948035515	0.528619920032798	0.520967575298358	DICER1/TCF7L2	2
HALLMARK_ESTROGEN_RESPONSE_LATE	HALLMARK_ESTROGEN_RESPONSE_LATE	4/91	194/11635	0.065495009361595	0.528619920032798	0.520967575298358	DNAJC1/MAPT/SERPINA1/CKB	4
WP_COMPLEMENT_AND_COAGULATION_CASCADES	WP_COMPLEMENT_AND_COAGULATION_CASCADES	2/91	54/11635	0.0666333136063585	0.528619920032798	0.520967575298358	F8/SERPINA1	2
KEGG_ACUTE_MYELOID_LEUKEMIA	KEGG_ACUTE_MYELOID_LEUKEMIA	2/91	56/11635	0.0710020203501843	0.528619920032798	0.520967575298358	TCF7L2/ZBTB16	2
REACTOME_CA2_PATHWAY	REACTOME_CA2_PATHWAY	2/91	56/11635	0.0710020203501843	0.528619920032798	0.520967575298358	ITPR2/TCF7L2	2
WP_PROXIMAL_TUBULE_TRANSPORT	WP_PROXIMAL_TUBULE_TRANSPORT	2/91	56/11635	0.0710020203501843	0.528619920032798	0.520967575298358	SLC3A1/SLC5A1	2
REACTOME_RHOQ_GTPASE_CYCLE	REACTOME_RHOQ_GTPASE_CYCLE	2/91	58/11635	0.0754616965839118	0.528619920032798	0.520967575298358	ARHGAP32/DLC1	2
BIOCARTA_GABA_PATHWAY	BIOCARTA_GABA_PATHWAY	1/91	10/11635	0.0755444022085306	0.528619920032798	0.520967575298358	GPHN	1
REACTOME_ADENYLATE_CYCLASE_ACTIVATING_PATHWAY	REACTOME_ADENYLATE_CYCLASE_ACTIVATING_PATHWAY	1/91	10/11635	0.0755444022085306	0.528619920032798	0.520967575298358	ADCY9	1
REACTOME_CLEC7A_DECTIN_1_INDUCES_NFAT_ACTIVATION	REACTOME_CLEC7A_DECTIN_1_INDUCES_NFAT_ACTIVATION	1/91	10/11635	0.0755444022085306	0.528619920032798	0.520967575298358	ITPR2	1
REACTOME_MITOCHONDRIAL_IRON_SULFUR_CLUSTER_BIOGENESIS	REACTOME_MITOCHONDRIAL_IRON_SULFUR_CLUSTER_BIOGENESIS	1/91	10/11635	0.0755444022085306	0.528619920032798	0.520967575298358	SLC25A37	1
REACTOME_TRANSPORT_OF_ORGANIC_ANIONS	REACTOME_TRANSPORT_OF_ORGANIC_ANIONS	1/91	10/11635	0.0755444022085306	0.528619920032798	0.520967575298358	SLCO3A1	1
WP_BIOMARKERS_FOR_UREA_CYCLE_DISORDERS	WP_BIOMARKERS_FOR_UREA_CYCLE_DISORDERS	1/91	10/11635	0.0755444022085306	0.528619920032798	0.520967575298358	GOT1	1
WP_TCA_CYCLE_IN_SENESCENCE	WP_TCA_CYCLE_IN_SENESCENCE	1/91	10/11635	0.0755444022085306	0.528619920032798	0.520967575298358	GOT1	1
HALLMARK_COAGULATION	HALLMARK_COAGULATION	3/91	126/11635	0.0759161540860411	0.528619920032798	0.520967575298358	F8/SERPINA1/CPQ	3
WP_HISTONE_MODIFICATIONS	WP_HISTONE_MODIFICATIONS	2/91	61/11635	0.0823134423216599	0.528619920032798	0.520967575298358	SETD3/SETBP1	2
WP_HUMAN_THYROID_STIMULATING_HORMONE_TSH_SIGNALING_PATHWAY	WP_HUMAN_THYROID_STIMULATING_HORMONE_TSH_SIGNALING_PATHWAY	2/91	61/11635	0.0823134423216599	0.528619920032798	0.520967575298358	CCND3/IGF1R	2
BIOCARTA_EGFR_SMRTE_PATHWAY	BIOCARTA_EGFR_SMRTE_PATHWAY	1/91	11/11635	0.0827810008665111	0.528619920032798	0.520967575298358	ZBTB16	1
PID_P38_GAMMA_DELTA_PATHWAY	PID_P38_GAMMA_DELTA_PATHWAY	1/91	11/11635	0.0827810008665111	0.528619920032798	0.520967575298358	MAPT	1
REACTOME_ASPARTATE_AND_ASPARAGINE_METABOLISM	REACTOME_ASPARTATE_AND_ASPARAGINE_METABOLISM	1/91	11/11635	0.0827810008665111	0.528619920032798	0.520967575298358	GOT1	1
REACTOME_DEFECTS_OF_CONTACT_ACTIVATION_SYSTEM_CAS_AND_KALLIKREIN_KININ_SYSTEM_KKS	REACTOME_DEFECTS_OF_CONTACT_ACTIVATION_SYSTEM_CAS_AND_KALLIKREIN_KININ_SYSTEM_KKS	1/91	11/11635	0.0827810008665111	0.528619920032798	0.520967575298358	F8	1
REACTOME_POU5F1_OCT4_SOX2_NANOG_ACTIVATE_GENES_RELATED_TO_PROLIFERATION	REACTOME_POU5F1_OCT4_SOX2_NANOG_ACTIVATE_GENES_RELATED_TO_PROLIFERATION	1/91	11/11635	0.0827810008665111	0.528619920032798	0.520967575298358	NR6A1	1
KEGG_COMPLEMENT_AND_COAGULATION_CASCADES	KEGG_COMPLEMENT_AND_COAGULATION_CASCADES	2/91	63/11635	0.0869840241891815	0.528619920032798	0.520967575298358	F8/SERPINA1	2
WP_NRF2_PATHWAY	WP_NRF2_PATHWAY	3/91	134/11635	0.0875529898944321	0.528619920032798	0.520967575298358	SERPINA1/CES3/SLC5A1	3
BIOCARTA_BARRESTIN_PATHWAY	BIOCARTA_BARRESTIN_PATHWAY	1/91	12/11635	0.0899615694247656	0.528619920032798	0.520967575298358	DNM1	1
REACTOME_CASPASE_MEDIATED_CLEAVAGE_OF_CYTOSKELETAL_PROTEINS	REACTOME_CASPASE_MEDIATED_CLEAVAGE_OF_CYTOSKELETAL_PROTEINS	1/91	12/11635	0.0899615694247656	0.528619920032798	0.520967575298358	MAPT	1
REACTOME_GAP_JUNCTION_DEGRADATION	REACTOME_GAP_JUNCTION_DEGRADATION	1/91	12/11635	0.0899615694247656	0.528619920032798	0.520967575298358	DNM1	1
REACTOME_TP53_REGULATES_TRANSCRIPTION_OF_CASPASE_ACTIVATORS_AND_CASPASES	REACTOME_TP53_REGULATES_TRANSCRIPTION_OF_CASPASE_ACTIVATORS_AND_CASPASES	1/91	12/11635	0.0899615694247656	0.528619920032798	0.520967575298358	CRADD	1
REACTOME_TRYPTOPHAN_CATABOLISM	REACTOME_TRYPTOPHAN_CATABOLISM	1/91	12/11635	0.0899615694247656	0.528619920032798	0.520967575298358	AFMID	1
WP_ALANINE_AND_ASPARTATE_METABOLISM	WP_ALANINE_AND_ASPARTATE_METABOLISM	1/91	12/11635	0.0899615694247656	0.528619920032798	0.520967575298358	GOT1	1
WP_EDA_SIGNALLING_IN_HAIR_FOLLICLE_DEVELOPMENT	WP_EDA_SIGNALLING_IN_HAIR_FOLLICLE_DEVELOPMENT	1/91	12/11635	0.0899615694247656	0.528619920032798	0.520967575298358	EDA	1
WP_ESTROGEN_RECEPTOR_PATHWAY	WP_ESTROGEN_RECEPTOR_PATHWAY	1/91	12/11635	0.0899615694247656	0.528619920032798	0.520967575298358	PDK4	1
WP_IRON_METABOLISM_IN_PLACENTA	WP_IRON_METABOLISM_IN_PLACENTA	1/91	12/11635	0.0899615694247656	0.528619920032798	0.520967575298358	ACO1	1
WP_RALA_DOWNSTREAM_REGULATED_GENES	WP_RALA_DOWNSTREAM_REGULATED_GENES	1/91	12/11635	0.0899615694247656	0.528619920032798	0.520967575298358	YBX3	1
KEGG_LONG_TERM_DEPRESSION	KEGG_LONG_TERM_DEPRESSION	2/91	65/11635	0.0917326057988456	0.528619920032798	0.520967575298358	IGF1R/ITPR2	2
PID_LYSOPHOSPHOLIPID_PATHWAY	PID_LYSOPHOSPHOLIPID_PATHWAY	2/91	65/11635	0.0917326057988456	0.528619920032798	0.520967575298358	ADCY9/MAPT	2
WP_ECTODERM_DIFFERENTIATION	WP_ECTODERM_DIFFERENTIATION	3/91	137/11635	0.0921012611027745	0.528619920032798	0.520967575298358	EDA/PDE7A/ZBTB16	3
REACTOME_COPII_MEDIATED_VESICLE_TRANSPORT	REACTOME_COPII_MEDIATED_VESICLE_TRANSPORT	2/91	66/11635	0.0941350493392236	0.528619920032798	0.520967575298358	F8/SERPINA1	2
WP_GLUCOCORTICOID_RECEPTOR_PATHWAY	WP_GLUCOCORTICOID_RECEPTOR_PATHWAY	2/91	66/11635	0.0941350493392236	0.528619920032798	0.520967575298358	TGFBR3/TSC22D3	2
HALLMARK_UV_RESPONSE_DN	HALLMARK_UV_RESPONSE_DN	3/91	140/11635	0.096746386976638	0.528619920032798	0.520967575298358	DLC1/IGF1R/TGFBR3	3
KEGG_CIRCADIAN_RHYTHM_MAMMAL	KEGG_CIRCADIAN_RHYTHM_MAMMAL	1/91	13/11635	0.0970865369187296	0.528619920032798	0.520967575298358	PER3	1
REACTOME_ADENYLATE_CYCLASE_INHIBITORY_PATHWAY	REACTOME_ADENYLATE_CYCLASE_INHIBITORY_PATHWAY	1/91	13/11635	0.0970865369187296	0.528619920032798	0.520967575298358	ADCY9	1
REACTOME_LGI_ADAM_INTERACTIONS	REACTOME_LGI_ADAM_INTERACTIONS	1/91	13/11635	0.0970865369187296	0.528619920032798	0.520967575298358	LGI4	1
WP_DISORDERS_OF_FOLATE_METABOLISM_AND_TRANSPORT	WP_DISORDERS_OF_FOLATE_METABOLISM_AND_TRANSPORT	1/91	13/11635	0.0970865369187296	0.528619920032798	0.520967575298358	ALDH1L1	1
PID_E2F_PATHWAY	PID_E2F_PATHWAY	2/91	68/11635	0.0989940958670827	0.528619920032798	0.520967575298358	CCND3/CES3	2
REACTOME_RHOB_GTPASE_CYCLE	REACTOME_RHOB_GTPASE_CYCLE	2/91	68/11635	0.0989940958670827	0.528619920032798	0.520967575298358	ARHGAP32/DLC1	2
BIOCARTA_BARR_MAPK_PATHWAY	BIOCARTA_BARR_MAPK_PATHWAY	1/91	14/11635	0.10415632913525	0.528619920032798	0.520967575298358	DNM1	1
BIOCARTA_LONGEVITY_PATHWAY	BIOCARTA_LONGEVITY_PATHWAY	1/91	14/11635	0.10415632913525	0.528619920032798	0.520967575298358	IGF1R	1
REACTOME_RETROGRADE_NEUROTROPHIN_SIGNALLING	REACTOME_RETROGRADE_NEUROTROPHIN_SIGNALLING	1/91	14/11635	0.10415632913525	0.528619920032798	0.520967575298358	DNM1	1
REACTOME_SYNTHESIS_OF_IP2_IP_AND_INS_IN_THE_CYTOSOL	REACTOME_SYNTHESIS_OF_IP2_IP_AND_INS_IN_THE_CYTOSOL	1/91	14/11635	0.10415632913525	0.528619920032798	0.520967575298358	MIOX	1
REACTOME_SYNTHESIS_SECRETION_AND_INACTIVATION_OF_GLUCAGON_LIKE_PEPTIDE_1_GLP_1	REACTOME_SYNTHESIS_SECRETION_AND_INACTIVATION_OF_GLUCAGON_LIKE_PEPTIDE_1_GLP_1	1/91	14/11635	0.10415632913525	0.528619920032798	0.520967575298358	TCF7L2	1
WP_BIOMARKERS_FOR_PYRIMIDINE_METABOLISM_DISORDERS	WP_BIOMARKERS_FOR_PYRIMIDINE_METABOLISM_DISORDERS	1/91	14/11635	0.10415632913525	0.528619920032798	0.520967575298358	CKB	1
WP_CYSTEINE_AND_METHIONINE_CATABOLISM	WP_CYSTEINE_AND_METHIONINE_CATABOLISM	1/91	14/11635	0.10415632913525	0.528619920032798	0.520967575298358	GOT1	1
WP_MAJOR_RECEPTORS_TARGETED_BY_EPINEPHRINE_AND_NOREPINEPHRINE	WP_MAJOR_RECEPTORS_TARGETED_BY_EPINEPHRINE_AND_NOREPINEPHRINE	1/91	14/11635	0.10415632913525	0.528619920032798	0.520967575298358	ADCY9	1
PID_AVB3_INTEGRIN_PATHWAY	PID_AVB3_INTEGRIN_PATHWAY	2/91	72/11635	0.10891714882996	0.528619920032798	0.520967575298358	COL8A1/IGF1R	2
BIOCARTA_NDKDYNAMIN_PATHWAY	BIOCARTA_NDKDYNAMIN_PATHWAY	1/91	15/11635	0.111171368636902	0.528619920032798	0.520967575298358	DNM1	1
PID_LPA4_PATHWAY	PID_LPA4_PATHWAY	1/91	15/11635	0.111171368636902	0.528619920032798	0.520967575298358	ADCY9	1
REACTOME_ABERRANT_REGULATION_OF_MITOTIC_G1_S_TRANSITION_IN_CANCER_DUE_TO_RB1_DEFECTS	REACTOME_ABERRANT_REGULATION_OF_MITOTIC_G1_S_TRANSITION_IN_CANCER_DUE_TO_RB1_DEFECTS	1/91	15/11635	0.111171368636902	0.528619920032798	0.520967575298358	CCND3	1
REACTOME_INCRETIN_SYNTHESIS_SECRETION_AND_INACTIVATION	REACTOME_INCRETIN_SYNTHESIS_SECRETION_AND_INACTIVATION	1/91	15/11635	0.111171368636902	0.528619920032798	0.520967575298358	TCF7L2	1
REACTOME_NEGATIVE_REGULATION_OF_FLT3	REACTOME_NEGATIVE_REGULATION_OF_FLT3	1/91	15/11635	0.111171368636902	0.528619920032798	0.520967575298358	PTPRJ	1
REACTOME_REGULATION_OF_PYRUVATE_DEHYDROGENASE_PDH_COMPLEX	REACTOME_REGULATION_OF_PYRUVATE_DEHYDROGENASE_PDH_COMPLEX	1/91	15/11635	0.111171368636902	0.528619920032798	0.520967575298358	PDK4	1
WP_TRYPTOPHAN_CATABOLISM_LEADING_TO_NAD_PRODUCTION	WP_TRYPTOPHAN_CATABOLISM_LEADING_TO_NAD_PRODUCTION	1/91	15/11635	0.111171368636902	0.528619920032798	0.520967575298358	AFMID	1
REACTOME_RHOC_GTPASE_CYCLE	REACTOME_RHOC_GTPASE_CYCLE	2/91	73/11635	0.111438240775648	0.528619920032798	0.520967575298358	ARHGAP32/DLC1	2
BIOCARTA_TEL_PATHWAY	BIOCARTA_TEL_PATHWAY	1/91	16/11635	0.118132074786131	0.528619920032798	0.520967575298358	IGF1R	1
REACTOME_ELEVATION_OF_CYTOSOLIC_CA2_LEVELS	REACTOME_ELEVATION_OF_CYTOSOLIC_CA2_LEVELS	1/91	16/11635	0.118132074786131	0.528619920032798	0.520967575298358	ITPR2	1
REACTOME_IL_6_TYPE_CYTOKINE_RECEPTOR_LIGAND_INTERACTIONS	REACTOME_IL_6_TYPE_CYTOKINE_RECEPTOR_LIGAND_INTERACTIONS	1/91	16/11635	0.118132074786131	0.528619920032798	0.520967575298358	LIFR	1
REACTOME_SYNTHESIS_OF_PIPS_AT_THE_EARLY_ENDOSOME_MEMBRANE	REACTOME_SYNTHESIS_OF_PIPS_AT_THE_EARLY_ENDOSOME_MEMBRANE	1/91	16/11635	0.118132074786131	0.528619920032798	0.520967575298358	INPP5F	1
WP_AMPLIFICATION_AND_EXPANSION_OF_ONCOGENIC_PATHWAYS_AS_METASTATIC_TRAITS	WP_AMPLIFICATION_AND_EXPANSION_OF_ONCOGENIC_PATHWAYS_AS_METASTATIC_TRAITS	1/91	16/11635	0.118132074786131	0.528619920032798	0.520967575298358	TCF7L2	1
WP_TCA_CYCLE_AND_DEFICIENCY_OF_PYRUVATE_DEHYDROGENASE_COMPLEX_PDHC	WP_TCA_CYCLE_AND_DEFICIENCY_OF_PYRUVATE_DEHYDROGENASE_COMPLEX_PDHC	1/91	16/11635	0.118132074786131	0.528619920032798	0.520967575298358	ACO1	1
BIOCARTA_BARRESTIN_SRC_PATHWAY	BIOCARTA_BARRESTIN_SRC_PATHWAY	1/91	17/11635	0.125038863769215	0.528619920032798	0.520967575298358	DNM1	1
BIOCARTA_IGF1MTOR_PATHWAY	BIOCARTA_IGF1MTOR_PATHWAY	1/91	17/11635	0.125038863769215	0.528619920032798	0.520967575298358	IGF1R	1
KEGG_ONE_CARBON_POOL_BY_FOLATE	KEGG_ONE_CARBON_POOL_BY_FOLATE	1/91	17/11635	0.125038863769215	0.528619920032798	0.520967575298358	ALDH1L1	1
KEGG_PHENYLALANINE_METABOLISM	KEGG_PHENYLALANINE_METABOLISM	1/91	17/11635	0.125038863769215	0.528619920032798	0.520967575298358	GOT1	1
REACTOME_METABOLISM_OF_FOLATE_AND_PTERINES	REACTOME_METABOLISM_OF_FOLATE_AND_PTERINES	1/91	17/11635	0.125038863769215	0.528619920032798	0.520967575298358	ALDH1L1	1
REACTOME_PKA_ACTIVATION_IN_GLUCAGON_SIGNALLING	REACTOME_PKA_ACTIVATION_IN_GLUCAGON_SIGNALLING	1/91	17/11635	0.125038863769215	0.528619920032798	0.520967575298358	ADCY9	1
REACTOME_REGULATION_OF_RUNX1_EXPRESSION_AND_ACTIVITY	REACTOME_REGULATION_OF_RUNX1_EXPRESSION_AND_ACTIVITY	1/91	17/11635	0.125038863769215	0.528619920032798	0.520967575298358	CCND3	1
KEGG_PROGESTERONE_MEDIATED_OOCYTE_MATURATION	KEGG_PROGESTERONE_MEDIATED_OOCYTE_MATURATION	2/91	79/11635	0.126873535776588	0.528619920032798	0.520967575298358	ADCY9/IGF1R	2
BIOCARTA_TOB1_PATHWAY	BIOCARTA_TOB1_PATHWAY	1/91	18/11635	0.13189214862005	0.528619920032798	0.520967575298358	TGFBR3	1
REACTOME_INTRINSIC_PATHWAY_OF_FIBRIN_CLOT_FORMATION	REACTOME_INTRINSIC_PATHWAY_OF_FIBRIN_CLOT_FORMATION	1/91	18/11635	0.13189214862005	0.528619920032798	0.520967575298358	F8	1
WP_TGFB_SIGNALING_IN_THYROID_CELLS_FOR_EPITHELIALMESENCHYMAL_TRANSITION	WP_TGFB_SIGNALING_IN_THYROID_CELLS_FOR_EPITHELIALMESENCHYMAL_TRANSITION	1/91	18/11635	0.13189214862005	0.528619920032798	0.520967575298358	CDH16	1
WP_UREA_CYCLE_AND_METABOLISM_OF_AMINO_GROUPS	WP_UREA_CYCLE_AND_METABOLISM_OF_AMINO_GROUPS	1/91	18/11635	0.13189214862005	0.528619920032798	0.520967575298358	CKB	1
WP_APOPTOSIS	WP_APOPTOSIS	2/91	81/11635	0.132127281757772	0.528619920032798	0.520967575298358	IGF1R/CRADD	2
REACTOME_DEGRADATION_OF_BETA_CATENIN_BY_THE_DESTRUCTION_COMPLEX	REACTOME_DEGRADATION_OF_BETA_CATENIN_BY_THE_DESTRUCTION_COMPLEX	2/91	82/11635	0.134772898738094	0.528619920032798	0.520967575298358	TCF7L2/CTBP2	2
REACTOME_FCGAMMA_RECEPTOR_FCGR_DEPENDENT_PHAGOCYTOSIS	REACTOME_FCGAMMA_RECEPTOR_FCGR_DEPENDENT_PHAGOCYTOSIS	2/91	82/11635	0.134772898738094	0.528619920032798	0.520967575298358	BAIAP2/ITPR2	2
REACTOME_OPIOID_SIGNALLING	REACTOME_OPIOID_SIGNALLING	2/91	83/11635	0.137430545195289	0.528619920032798	0.520967575298358	ADCY9/ITPR2	2
REACTOME_DIGESTION_AND_ABSORPTION	REACTOME_DIGESTION_AND_ABSORPTION	1/91	19/11635	0.138692339243755	0.528619920032798	0.520967575298358	SLC5A1	1
REACTOME_LDL_CLEARANCE	REACTOME_LDL_CLEARANCE	1/91	19/11635	0.138692339243755	0.528619920032798	0.520967575298358	CES3	1
REACTOME_VEGFR2_MEDIATED_CELL_PROLIFERATION	REACTOME_VEGFR2_MEDIATED_CELL_PROLIFERATION	1/91	19/11635	0.138692339243755	0.528619920032798	0.520967575298358	ITPR2	1
WP_OVERVIEW_OF_NANOPARTICLE_EFFECTS	WP_OVERVIEW_OF_NANOPARTICLE_EFFECTS	1/91	19/11635	0.138692339243755	0.528619920032798	0.520967575298358	CCND3	1
KEGG_PROSTATE_CANCER	KEGG_PROSTATE_CANCER	2/91	85/11635	0.142780554511706	0.528619920032798	0.520967575298358	IGF1R/TCF7L2	2
BIOCARTA_IGF1_PATHWAY	BIOCARTA_IGF1_PATHWAY	1/91	20/11635	0.145439842440106	0.528619920032798	0.520967575298358	IGF1R	1
BIOCARTA_RHO_PATHWAY	BIOCARTA_RHO_PATHWAY	1/91	20/11635	0.145439842440106	0.528619920032798	0.520967575298358	BAIAP2	1
KEGG_ASCORBATE_AND_ALDARATE_METABOLISM	KEGG_ASCORBATE_AND_ALDARATE_METABOLISM	1/91	20/11635	0.145439842440106	0.528619920032798	0.520967575298358	MIOX	1
PID_ECADHERIN_KERATINOCYTE_PATHWAY	PID_ECADHERIN_KERATINOCYTE_PATHWAY	1/91	20/11635	0.145439842440106	0.528619920032798	0.520967575298358	FMN1	1
PID_NFKAPPAB_CANONICAL_PATHWAY	PID_NFKAPPAB_CANONICAL_PATHWAY	1/91	20/11635	0.145439842440106	0.528619920032798	0.520967575298358	ERC1	1
REACTOME_CELLULAR_HEXOSE_TRANSPORT	REACTOME_CELLULAR_HEXOSE_TRANSPORT	1/91	20/11635	0.145439842440106	0.528619920032798	0.520967575298358	SLC5A1	1
REACTOME_PKA_MEDIATED_PHOSPHORYLATION_OF_CREB	REACTOME_PKA_MEDIATED_PHOSPHORYLATION_OF_CREB	1/91	20/11635	0.145439842440106	0.528619920032798	0.520967575298358	ADCY9	1
REACTOME_REGULATION_OF_FZD_BY_UBIQUITINATION	REACTOME_REGULATION_OF_FZD_BY_UBIQUITINATION	1/91	20/11635	0.145439842440106	0.528619920032798	0.520967575298358	ZNRF3	1
WP_BLOOD_CLOTTING_CASCADE	WP_BLOOD_CLOTTING_CASCADE	1/91	20/11635	0.145439842440106	0.528619920032798	0.520967575298358	F8	1
KEGG_GAP_JUNCTION	KEGG_GAP_JUNCTION	2/91	86/11635	0.145472242651888	0.528619920032798	0.520967575298358	ADCY9/ITPR2	2
REACTOME_RAC2_GTPASE_CYCLE	REACTOME_RAC2_GTPASE_CYCLE	2/91	86/11635	0.145472242651888	0.528619920032798	0.520967575298358	ARHGAP32/ARHGAP42	2
WP_THYROID_HORMONES_PRODUCTION_AND_THEIR_PERIPHERAL_DOWNSTREAM_SIGNALLING_EFFECTS	WP_THYROID_HORMONES_PRODUCTION_AND_THEIR_PERIPHERAL_DOWNSTREAM_SIGNALLING_EFFECTS	2/91	87/11635	0.148174610734114	0.528619920032798	0.520967575298358	ITPR2/TBC1D4	2
BIOCARTA_CELLCYCLE_PATHWAY	BIOCARTA_CELLCYCLE_PATHWAY	1/91	21/11635	0.1521350619268	0.528619920032798	0.520967575298358	CCND3	1
BIOCARTA_MPR_PATHWAY	BIOCARTA_MPR_PATHWAY	1/91	21/11635	0.1521350619268	0.528619920032798	0.520967575298358	PAQR5	1
REACTOME_COMMON_PATHWAY_OF_FIBRIN_CLOT_FORMATION	REACTOME_COMMON_PATHWAY_OF_FIBRIN_CLOT_FORMATION	1/91	21/11635	0.1521350619268	0.528619920032798	0.520967575298358	F8	1
REACTOME_NEGATIVE_REGULATION_OF_MET_ACTIVITY	REACTOME_NEGATIVE_REGULATION_OF_MET_ACTIVITY	1/91	21/11635	0.1521350619268	0.528619920032798	0.520967575298358	PTPRJ	1
WP_KYNURENINE_PATHWAY_AND_LINKS_TO_CELLULAR_SENESCENCE	WP_KYNURENINE_PATHWAY_AND_LINKS_TO_CELLULAR_SENESCENCE	1/91	21/11635	0.1521350619268	0.528619920032798	0.520967575298358	AFMID	1
WP_MAMMALIAN_DISORDER_OF_SEXUAL_DEVELOPMENT	WP_MAMMALIAN_DISORDER_OF_SEXUAL_DEVELOPMENT	1/91	21/11635	0.1521350619268	0.528619920032798	0.520967575298358	EMX2	1
WP_G_PROTEIN_SIGNALING_PATHWAYS	WP_G_PROTEIN_SIGNALING_PATHWAYS	2/91	89/11635	0.153610085946073	0.528619920032798	0.520967575298358	ADCY9/PDE7A	2
KEGG_GNRH_SIGNALING_PATHWAY	KEGG_GNRH_SIGNALING_PATHWAY	2/91	90/11635	0.15634255350451	0.528619920032798	0.520967575298358	ADCY9/ITPR2	2
BIOCARTA_HDAC_PATHWAY	BIOCARTA_HDAC_PATHWAY	1/91	22/11635	0.158778398362538	0.528619920032798	0.520967575298358	IGF1R	1
BIOCARTA_IGF1R_PATHWAY	BIOCARTA_IGF1R_PATHWAY	1/91	22/11635	0.158778398362538	0.528619920032798	0.520967575298358	IGF1R	1
BIOCARTA_INTRINSIC_PATHWAY	BIOCARTA_INTRINSIC_PATHWAY	1/91	22/11635	0.158778398362538	0.528619920032798	0.520967575298358	F8	1
REACTOME_BBSOME_MEDIATED_CARGO_TARGETING_TO_CILIUM	REACTOME_BBSOME_MEDIATED_CARGO_TARGETING_TO_CILIUM	1/91	22/11635	0.158778398362538	0.528619920032798	0.520967575298358	BBS9	1
WP_UREA_CYCLE_AND_ASSOCIATED_PATHWAYS	WP_UREA_CYCLE_AND_ASSOCIATED_PATHWAYS	1/91	22/11635	0.158778398362538	0.528619920032798	0.520967575298358	GOT1	1
REACTOME_PHASE_II_CONJUGATION_OF_COMPOUNDS	REACTOME_PHASE_II_CONJUGATION_OF_COMPOUNDS	2/91	91/11635	0.159084421769336	0.528619920032798	0.520967575298358	ACSM2A/ACSM2B	2
BIOCARTA_BAD_PATHWAY	BIOCARTA_BAD_PATHWAY	1/91	23/11635	0.165370249369945	0.528619920032798	0.520967575298358	IGF1R	1
BIOCARTA_CTCF_PATHWAY	BIOCARTA_CTCF_PATHWAY	1/91	23/11635	0.165370249369945	0.528619920032798	0.520967575298358	TGFBR3	1
PID_HDAC_CLASSIII_PATHWAY	PID_HDAC_CLASSIII_PATHWAY	1/91	23/11635	0.165370249369945	0.528619920032798	0.520967575298358	ACSS1	1
REACTOME_INTERLEUKIN_6_FAMILY_SIGNALING	REACTOME_INTERLEUKIN_6_FAMILY_SIGNALING	1/91	23/11635	0.165370249369945	0.528619920032798	0.520967575298358	LIFR	1
REACTOME_MICRORNA_MIRNA_BIOGENESIS	REACTOME_MICRORNA_MIRNA_BIOGENESIS	1/91	23/11635	0.165370249369945	0.528619920032798	0.520967575298358	DICER1	1
REACTOME_ROLE_OF_PHOSPHOLIPIDS_IN_PHAGOCYTOSIS	REACTOME_ROLE_OF_PHOSPHOLIPIDS_IN_PHAGOCYTOSIS	1/91	23/11635	0.165370249369945	0.528619920032798	0.520967575298358	ITPR2	1
WP_DEVELOPMENT_AND_HETEROGENEITY_OF_THE_ILC_FAMILY	WP_DEVELOPMENT_AND_HETEROGENEITY_OF_THE_ILC_FAMILY	1/91	23/11635	0.165370249369945	0.528619920032798	0.520967575298358	ZBTB16	1
WP_MIRNAS_INVOLVED_IN_DNA_DAMAGE_RESPONSE	WP_MIRNAS_INVOLVED_IN_DNA_DAMAGE_RESPONSE	1/91	23/11635	0.165370249369945	0.528619920032798	0.520967575298358	CCND3	1
REACTOME_SLC_TRANSPORTER_DISORDERS	REACTOME_SLC_TRANSPORTER_DISORDERS	2/91	95/11635	0.170139780522221	0.528619920032798	0.520967575298358	SLC3A1/SLC5A1	2
WP_GENES_RELATED_TO_PRIMARY_CILIUM_DEVELOPMENT_BASED_ON_CRISPR	WP_GENES_RELATED_TO_PRIMARY_CILIUM_DEVELOPMENT_BASED_ON_CRISPR	2/91	95/11635	0.170139780522221	0.528619920032798	0.520967575298358	BBS9/DYNC2H1	2
BIOCARTA_STRESS_PATHWAY	BIOCARTA_STRESS_PATHWAY	1/91	24/11635	0.171911009558313	0.528619920032798	0.520967575298358	CRADD	1
REACTOME_SULFUR_AMINO_ACID_METABOLISM	REACTOME_SULFUR_AMINO_ACID_METABOLISM	1/91	24/11635	0.171911009558313	0.528619920032798	0.520967575298358	GOT1	1
WP_HYPOTHESIZED_PATHWAYS_IN_PATHOGENESIS_OF_CARDIOVASCULAR_DISEASE	WP_HYPOTHESIZED_PATHWAYS_IN_PATHOGENESIS_OF_CARDIOVASCULAR_DISEASE	1/91	24/11635	0.171911009558313	0.528619920032798	0.520967575298358	TGFBR3	1
WP_NAD_METABOLISM_IN_ONCOGENEINDUCED_SENESCENCE_AND_MITOCHONDRIAL_DYSFUNCTIONASSOCIATED_SENESCENCE	WP_NAD_METABOLISM_IN_ONCOGENEINDUCED_SENESCENCE_AND_MITOCHONDRIAL_DYSFUNCTIONASSOCIATED_SENESCENCE	1/91	24/11635	0.171911009558313	0.528619920032798	0.520967575298358	GOT1	1
WP_PHYSIOLOGICAL_AND_PATHOLOGICAL_HYPERTROPHY_OF_THE_HEART	WP_PHYSIOLOGICAL_AND_PATHOLOGICAL_HYPERTROPHY_OF_THE_HEART	1/91	24/11635	0.171911009558313	0.528619920032798	0.520967575298358	LIFR	1
WP_WNTBETACATENIN_SIGNALING_PATHWAY_IN_LEUKEMIA	WP_WNTBETACATENIN_SIGNALING_PATHWAY_IN_LEUKEMIA	1/91	24/11635	0.171911009558313	0.528619920032798	0.520967575298358	ZBTB16	1
REACTOME_TNFR2_NON_CANONICAL_NF_KB_PATHWAY	REACTOME_TNFR2_NON_CANONICAL_NF_KB_PATHWAY	2/91	96/11635	0.172924097235186	0.528619920032798	0.520967575298358	EDA/TNFRSF14	2
KEGG_MELANOGENESIS	KEGG_MELANOGENESIS	2/91	97/11635	0.175716021127971	0.528619920032798	0.520967575298358	ADCY9/TCF7L2	2
REACTOME_CILIUM_ASSEMBLY	REACTOME_CILIUM_ASSEMBLY	3/91	186/11635	0.178237286479499	0.528619920032798	0.520967575298358	BBS9/CEP70/DYNC2H1	3
PID_INSULIN_GLUCOSE_PATHWAY	PID_INSULIN_GLUCOSE_PATHWAY	1/91	25/11635	0.178401070546186	0.528619920032798	0.520967575298358	TBC1D4	1
WP_INTRAFLAGELLAR_TRANSPORT_PROTEINS_BINDING_TO_DYNEIN	WP_INTRAFLAGELLAR_TRANSPORT_PROTEINS_BINDING_TO_DYNEIN	1/91	25/11635	0.178401070546186	0.528619920032798	0.520967575298358	DYNC2H1	1
HALLMARK_GLYCOLYSIS	HALLMARK_GLYCOLYSIS	3/91	188/11635	0.18213798481316	0.528619920032798	0.520967575298358	GOT1/MXI1/MIOX	3
PID_REELIN_PATHWAY	PID_REELIN_PATHWAY	1/91	26/11635	0.184840820983765	0.528619920032798	0.520967575298358	MAPT	1
REACTOME_ACTIVATION_OF_AMPK_DOWNSTREAM_OF_NMDARS	REACTOME_ACTIVATION_OF_AMPK_DOWNSTREAM_OF_NMDARS	1/91	26/11635	0.184840820983765	0.528619920032798	0.520967575298358	MAPT	1
WP_STATIN_PATHWAY	WP_STATIN_PATHWAY	1/91	26/11635	0.184840820983765	0.528619920032798	0.520967575298358	ACSS1	1
HALLMARK_ADIPOGENESIS	HALLMARK_ADIPOGENESIS	3/91	190/11635	0.186061985762015	0.528619920032798	0.520967575298358	GPHN/CMBL/LIFR	3
PID_ERBB1_DOWNSTREAM_PATHWAY	PID_ERBB1_DOWNSTREAM_PATHWAY	2/91	101/11635	0.186954149263931	0.528619920032798	0.520967575298358	BAIAP2/PEBP1	2
REACTOME_INTEGRATION_OF_ENERGY_METABOLISM	REACTOME_INTEGRATION_OF_ENERGY_METABOLISM	2/91	102/11635	0.189779913297105	0.528619920032798	0.520967575298358	ADCY9/ITPR2	2
WP_ALZHEIMERS_DISEASE	WP_ALZHEIMERS_DISEASE	2/91	102/11635	0.189779913297105	0.528619920032798	0.520967575298358	ITPR2/MAPT	2
BIOCARTA_ERK_PATHWAY	BIOCARTA_ERK_PATHWAY	1/91	27/11635	0.191230646575158	0.528619920032798	0.520967575298358	IGF1R	1
BIOCARTA_TNFR1_PATHWAY	BIOCARTA_TNFR1_PATHWAY	1/91	27/11635	0.191230646575158	0.528619920032798	0.520967575298358	CRADD	1
PID_IL8_CXCR1_PATHWAY	PID_IL8_CXCR1_PATHWAY	1/91	27/11635	0.191230646575158	0.528619920032798	0.520967575298358	DNM1	1
REACTOME_EFFECTS_OF_PIP2_HYDROLYSIS	REACTOME_EFFECTS_OF_PIP2_HYDROLYSIS	1/91	27/11635	0.191230646575158	0.528619920032798	0.520967575298358	ITPR2	1
REACTOME_SIGNALING_BY_VEGF	REACTOME_SIGNALING_BY_VEGF	2/91	104/11635	0.195449045978269	0.528619920032798	0.520967575298358	BAIAP2/ITPR2	2
PID_EPHRINB_REV_PATHWAY	PID_EPHRINB_REV_PATHWAY	1/91	28/11635	0.197570930100456	0.528619920032798	0.520967575298358	DNM1	1
PID_IGF1_PATHWAY	PID_IGF1_PATHWAY	1/91	28/11635	0.197570930100456	0.528619920032798	0.520967575298358	IGF1R	1
PID_IL2_STAT5_PATHWAY	PID_IL2_STAT5_PATHWAY	1/91	28/11635	0.197570930100456	0.528619920032798	0.520967575298358	CCND3	1
REACTOME_GLUCAGON_SIGNALING_IN_METABOLIC_REGULATION	REACTOME_GLUCAGON_SIGNALING_IN_METABOLIC_REGULATION	1/91	28/11635	0.197570930100456	0.528619920032798	0.520967575298358	ADCY9	1
REACTOME_PLATELET_CALCIUM_HOMEOSTASIS	REACTOME_PLATELET_CALCIUM_HOMEOSTASIS	1/91	28/11635	0.197570930100456	0.528619920032798	0.520967575298358	ITPR2	1
REACTOME_PYRUVATE_METABOLISM	REACTOME_PYRUVATE_METABOLISM	1/91	28/11635	0.197570930100456	0.528619920032798	0.520967575298358	PDK4	1
REACTOME_TRANSCRIPTIONAL_REGULATION_OF_PLURIPOTENT_STEM_CELLS	REACTOME_TRANSCRIPTIONAL_REGULATION_OF_PLURIPOTENT_STEM_CELLS	1/91	28/11635	0.197570930100456	0.528619920032798	0.520967575298358	NR6A1	1
REACTOME_SIGNALING_BY_WNT	REACTOME_SIGNALING_BY_WNT	4/91	296/11635	0.201323695421175	0.528619920032798	0.520967575298358	ITPR2/TCF7L2/ZNRF3/CTBP2	4
KEGG_CITRATE_CYCLE_TCA_CYCLE	KEGG_CITRATE_CYCLE_TCA_CYCLE	1/91	29/11635	0.203862051437654	0.528619920032798	0.520967575298358	ACO1	1
KEGG_THYROID_CANCER	KEGG_THYROID_CANCER	1/91	29/11635	0.203862051437654	0.528619920032798	0.520967575298358	TCF7L2	1
REACTOME_FCERI_MEDIATED_CA_2_MOBILIZATION	REACTOME_FCERI_MEDIATED_CA_2_MOBILIZATION	1/91	29/11635	0.203862051437654	0.528619920032798	0.520967575298358	ITPR2	1
WP_DNA_DAMAGE_RESPONSE_ONLY_ATM_DEPENDENT	WP_DNA_DAMAGE_RESPONSE_ONLY_ATM_DEPENDENT	2/91	107/11635	0.203992879377281	0.528619920032798	0.520967575298358	CCND3/TCF7L2	2
WP_CILIARY_LANDSCAPE	WP_CILIARY_LANDSCAPE	3/91	201/11635	0.208026555507545	0.528619920032798	0.520967575298358	BBS9/TBC1D4/CTBP2	3
KEGG_VASCULAR_SMOOTH_MUSCLE_CONTRACTION	KEGG_VASCULAR_SMOOTH_MUSCLE_CONTRACTION	2/91	109/11635	0.209712592673599	0.528619920032798	0.520967575298358	ADCY9/ITPR2	2
KEGG_CYSTEINE_AND_METHIONINE_METABOLISM	KEGG_CYSTEINE_AND_METHIONINE_METABOLISM	1/91	30/11635	0.210104387584404	0.528619920032798	0.520967575298358	GOT1	1
KEGG_PROPANOATE_METABOLISM	KEGG_PROPANOATE_METABOLISM	1/91	30/11635	0.210104387584404	0.528619920032798	0.520967575298358	ACSS1	1
REACTOME_ANTIGEN_ACTIVATES_B_CELL_RECEPTOR_BCR_LEADING_TO_GENERATION_OF_SECOND_MESSENGERS	REACTOME_ANTIGEN_ACTIVATES_B_CELL_RECEPTOR_BCR_LEADING_TO_GENERATION_OF_SECOND_MESSENGERS	1/91	30/11635	0.210104387584404	0.528619920032798	0.520967575298358	ITPR2	1
WP_EXTRACELLULAR_VESICLEMEDIATED_SIGNALING_IN_RECIPIENT_CELLS	WP_EXTRACELLULAR_VESICLEMEDIATED_SIGNALING_IN_RECIPIENT_CELLS	1/91	30/11635	0.210104387584404	0.528619920032798	0.520967575298358	TGFBR3	1
WP_ONE_CARBON_METABOLISM	WP_ONE_CARBON_METABOLISM	1/91	30/11635	0.210104387584404	0.528619920032798	0.520967575298358	ALDH1L1	1
REACTOME_HEDGEHOG_OFF_STATE	REACTOME_HEDGEHOG_OFF_STATE	2/91	111/11635	0.215449093619131	0.528619920032798	0.520967575298358	ADCY9/DYNC2H1	2
HALLMARK_NOTCH_SIGNALING	HALLMARK_NOTCH_SIGNALING	1/91	31/11635	0.216298312679606	0.528619920032798	0.520967575298358	TCF7L2	1
PID_AURORA_A_PATHWAY	PID_AURORA_A_PATHWAY	1/91	31/11635	0.216298312679606	0.528619920032798	0.520967575298358	TACC1	1
PID_IL1_PATHWAY	PID_IL1_PATHWAY	1/91	31/11635	0.216298312679606	0.528619920032798	0.520967575298358	ERC1	1
REACTOME_GLUCONEOGENESIS	REACTOME_GLUCONEOGENESIS	1/91	31/11635	0.216298312679606	0.528619920032798	0.520967575298358	GOT1	1
REACTOME_PLASMA_LIPOPROTEIN_CLEARANCE	REACTOME_PLASMA_LIPOPROTEIN_CLEARANCE	1/91	31/11635	0.216298312679606	0.528619920032798	0.520967575298358	CES3	1
WP_GABA_RECEPTOR_SIGNALING	WP_GABA_RECEPTOR_SIGNALING	1/91	31/11635	0.216298312679606	0.528619920032798	0.520967575298358	GPHN	1
KEGG_ALANINE_ASPARTATE_AND_GLUTAMATE_METABOLISM	KEGG_ALANINE_ASPARTATE_AND_GLUTAMATE_METABOLISM	1/91	32/11635	0.222444198024845	0.528619920032798	0.520967575298358	GOT1	1
WP_HAIR_FOLLICLE_DEVELOPMENT_ORGANOGENESIS_PART_2_OF_3	WP_HAIR_FOLLICLE_DEVELOPMENT_ORGANOGENESIS_PART_2_OF_3	1/91	32/11635	0.222444198024845	0.528619920032798	0.520967575298358	EDA	1
KEGG_PATHWAYS_IN_CANCER	KEGG_PATHWAYS_IN_CANCER	4/91	311/11635	0.225932530054986	0.528619920032798	0.520967575298358	IGF1R/TCF7L2/ZBTB16/CTBP2	4
REACTOME_G_ALPHA_S_SIGNALLING_EVENTS	REACTOME_G_ALPHA_S_SIGNALLING_EVENTS	2/91	115/11635	0.226964969239158	0.528619920032798	0.520967575298358	ADCY9/PDE7A	2
PID_HIV_NEF_PATHWAY	PID_HIV_NEF_PATHWAY	1/91	33/11635	0.228542412105663	0.528619920032798	0.520967575298358	CRADD	1
PID_IL8_CXCR2_PATHWAY	PID_IL8_CXCR2_PATHWAY	1/91	33/11635	0.228542412105663	0.528619920032798	0.520967575298358	DNM1	1
REACTOME_AMINO_ACID_TRANSPORT_ACROSS_THE_PLASMA_MEMBRANE	REACTOME_AMINO_ACID_TRANSPORT_ACROSS_THE_PLASMA_MEMBRANE	1/91	33/11635	0.228542412105663	0.528619920032798	0.520967575298358	SLC3A1	1
REACTOME_DISEASES_OF_MITOTIC_CELL_CYCLE	REACTOME_DISEASES_OF_MITOTIC_CELL_CYCLE	1/91	33/11635	0.228542412105663	0.528619920032798	0.520967575298358	CCND3	1
REACTOME_FORMATION_OF_FIBRIN_CLOT_CLOTTING_CASCADE	REACTOME_FORMATION_OF_FIBRIN_CLOT_CLOTTING_CASCADE	1/91	33/11635	0.228542412105663	0.528619920032798	0.520967575298358	F8	1
REACTOME_METABOLISM_OF_WATER_SOLUBLE_VITAMINS_AND_COFACTORS	REACTOME_METABOLISM_OF_WATER_SOLUBLE_VITAMINS_AND_COFACTORS	2/91	117/11635	0.232740731764496	0.528619920032798	0.520967575298358	ALDH1L1/GPHN	2
BIOCARTA_ALK_PATHWAY	BIOCARTA_ALK_PATHWAY	1/91	34/11635	0.234593320612678	0.528619920032798	0.520967575298358	TGFBR3	1
KEGG_TRYPTOPHAN_METABOLISM	KEGG_TRYPTOPHAN_METABOLISM	1/91	34/11635	0.234593320612678	0.528619920032798	0.520967575298358	AFMID	1
PID_ARF6_PATHWAY	PID_ARF6_PATHWAY	1/91	34/11635	0.234593320612678	0.528619920032798	0.520967575298358	KIF13B	1
PID_PI3KCI_AKT_PATHWAY	PID_PI3KCI_AKT_PATHWAY	1/91	34/11635	0.234593320612678	0.528619920032798	0.520967575298358	TBC1D4	1
WP_SLEEP_REGULATION	WP_SLEEP_REGULATION	1/91	34/11635	0.234593320612678	0.528619920032798	0.520967575298358	PER3	1
REACTOME_RHO_GTPASES_ACTIVATE_WASPS_AND_WAVES	REACTOME_RHO_GTPASES_ACTIVATE_WASPS_AND_WAVES	1/91	35/11635	0.24059728646254	0.528619920032798	0.520967575298358	BAIAP2	1
SIG_PIP3_SIGNALING_IN_B_LYMPHOCYTES	SIG_PIP3_SIGNALING_IN_B_LYMPHOCYTES	1/91	35/11635	0.24059728646254	0.528619920032798	0.520967575298358	ITPR2	1
WP_ATM_SIGNALING_PATHWAY	WP_ATM_SIGNALING_PATHWAY	1/91	35/11635	0.24059728646254	0.528619920032798	0.520967575298358	CRADD	1
WP_MELATONIN_METABOLISM_AND_EFFECTS	WP_MELATONIN_METABOLISM_AND_EFFECTS	1/91	35/11635	0.24059728646254	0.528619920032798	0.520967575298358	PER3	1
REACTOME_LEISHMANIA_INFECTION	REACTOME_LEISHMANIA_INFECTION	3/91	217/11635	0.240937229686761	0.528619920032798	0.520967575298358	ADCY9/BAIAP2/ITPR2	3
HALLMARK_SPERMATOGENESIS	HALLMARK_SPERMATOGENESIS	2/91	120/11635	0.241421775912382	0.528619920032798	0.520967575298358	MLLT10/PEBP1	2
WP_HIPPOMERLIN_SIGNALING_DYSREGULATION	WP_HIPPOMERLIN_SIGNALING_DYSREGULATION	2/91	120/11635	0.241421775912382	0.528619920032798	0.520967575298358	IGF1R/CDH16	2
REACTOME_APOPTOTIC_CLEAVAGE_OF_CELLULAR_PROTEINS	REACTOME_APOPTOTIC_CLEAVAGE_OF_CELLULAR_PROTEINS	1/91	36/11635	0.246554669818739	0.528619920032798	0.520967575298358	MAPT	1
REACTOME_RHOH_GTPASE_CYCLE	REACTOME_RHOH_GTPASE_CYCLE	1/91	36/11635	0.246554669818739	0.528619920032798	0.520967575298358	OSBPL11	1
REACTOME_TRANSCRIPTIONAL_REGULATION_BY_VENTX	REACTOME_TRANSCRIPTIONAL_REGULATION_BY_VENTX	1/91	36/11635	0.246554669818739	0.528619920032798	0.520967575298358	TCF7L2	1
WP_FACTORS_AND_PATHWAYS_AFFECTING_INSULINLIKE_GROWTH_FACTOR_IGF1AKT_SIGNALING	WP_FACTORS_AND_PATHWAYS_AFFECTING_INSULINLIKE_GROWTH_FACTOR_IGF1AKT_SIGNALING	1/91	36/11635	0.246554669818739	0.528619920032798	0.520967575298358	IGF1R	1
KEGG_JAK_STAT_SIGNALING_PATHWAY	KEGG_JAK_STAT_SIGNALING_PATHWAY	2/91	123/11635	0.250118719072597	0.528619920032798	0.520967575298358	CCND3/LIFR	2
REACTOME_RESPONSE_TO_ELEVATED_PLATELET_CYTOSOLIC_CA2	REACTOME_RESPONSE_TO_ELEVATED_PLATELET_CYTOSOLIC_CA2	2/91	123/11635	0.250118719072597	0.528619920032798	0.520967575298358	F8/SERPINA1	2
KEGG_CYTOKINE_CYTOKINE_RECEPTOR_INTERACTION	KEGG_CYTOKINE_CYTOKINE_RECEPTOR_INTERACTION	3/91	222/11635	0.251405450737914	0.528619920032798	0.520967575298358	EDA/TNFRSF14/LIFR	3
KEGG_TYROSINE_METABOLISM	KEGG_TYROSINE_METABOLISM	1/91	37/11635	0.252465828112255	0.528619920032798	0.520967575298358	GOT1	1
REACTOME_CA_DEPENDENT_EVENTS	REACTOME_CA_DEPENDENT_EVENTS	1/91	37/11635	0.252465828112255	0.528619920032798	0.520967575298358	ADCY9	1
REACTOME_FLT3_SIGNALING	REACTOME_FLT3_SIGNALING	1/91	37/11635	0.252465828112255	0.528619920032798	0.520967575298358	PTPRJ	1
REACTOME_GABA_B_RECEPTOR_ACTIVATION	REACTOME_GABA_B_RECEPTOR_ACTIVATION	1/91	37/11635	0.252465828112255	0.528619920032798	0.520967575298358	ADCY9	1
REACTOME_GLUCAGON_LIKE_PEPTIDE_1_GLP1_REGULATES_INSULIN_SECRETION	REACTOME_GLUCAGON_LIKE_PEPTIDE_1_GLP1_REGULATES_INSULIN_SECRETION	1/91	37/11635	0.252465828112255	0.528619920032798	0.520967575298358	ITPR2	1
PID_PDGFRB_PATHWAY	PID_PDGFRB_PATHWAY	2/91	125/11635	0.255922847217728	0.528619920032798	0.520967575298358	BAIAP2/PTPRJ	2
KEGG_PYRUVATE_METABOLISM	KEGG_PYRUVATE_METABOLISM	1/91	38/11635	0.258331116062055	0.528619920032798	0.520967575298358	ACSS1	1
REACTOME_GAMMA_CARBOXYLATION_HYPUSINE_FORMATION_AND_ARYLSULFATASE_ACTIVATION	REACTOME_GAMMA_CARBOXYLATION_HYPUSINE_FORMATION_AND_ARYLSULFATASE_ACTIVATION	1/91	38/11635	0.258331116062055	0.528619920032798	0.520967575298358	F8	1
WP_VITAMIN_DSENSITIVE_CALCIUM_SIGNALING_IN_DEPRESSION	WP_VITAMIN_DSENSITIVE_CALCIUM_SIGNALING_IN_DEPRESSION	1/91	38/11635	0.258331116062055	0.528619920032798	0.520967575298358	ITPR2	1
WP_TGFBETA_SIGNALING_PATHWAY	WP_TGFBETA_SIGNALING_PATHWAY	2/91	127/11635	0.261730110086761	0.528619920032798	0.520967575298358	NEDD9/TGFBR3	2
PID_EPHB_FWD_PATHWAY	PID_EPHB_FWD_PATHWAY	1/91	39/11635	0.26415088569544	0.528619920032798	0.520967575298358	DNM1	1
PID_ER_NONGENOMIC_PATHWAY	PID_ER_NONGENOMIC_PATHWAY	1/91	39/11635	0.26415088569544	0.528619920032798	0.520967575298358	IGF1R	1
PID_ERBB1_INTERNALIZATION_PATHWAY	PID_ERBB1_INTERNALIZATION_PATHWAY	1/91	39/11635	0.26415088569544	0.528619920032798	0.520967575298358	DNM1	1
REACTOME_RHOF_GTPASE_CYCLE	REACTOME_RHOF_GTPASE_CYCLE	1/91	39/11635	0.26415088569544	0.528619920032798	0.520967575298358	ARHGAP32	1
REACTOME_RND3_GTPASE_CYCLE	REACTOME_RND3_GTPASE_CYCLE	1/91	39/11635	0.26415088569544	0.528619920032798	0.520967575298358	CKB	1
REACTOME_VASOPRESSIN_REGULATES_RENAL_WATER_HOMEOSTASIS_VIA_AQUAPORINS	REACTOME_VASOPRESSIN_REGULATES_RENAL_WATER_HOMEOSTASIS_VIA_AQUAPORINS	1/91	39/11635	0.26415088569544	0.528619920032798	0.520967575298358	ADCY9	1
WP_TRYPTOPHAN_METABOLISM	WP_TRYPTOPHAN_METABOLISM	1/91	39/11635	0.26415088569544	0.528619920032798	0.520967575298358	AFMID	1
REACTOME_DEACTIVATION_OF_THE_BETA_CATENIN_TRANSACTIVATING_COMPLEX	REACTOME_DEACTIVATION_OF_THE_BETA_CATENIN_TRANSACTIVATING_COMPLEX	1/91	40/11635	0.269925486368233	0.528619920032798	0.520967575298358	TCF7L2	1
REACTOME_MAP2K_AND_MAPK_ACTIVATION	REACTOME_MAP2K_AND_MAPK_ACTIVATION	1/91	40/11635	0.269925486368233	0.528619920032798	0.520967575298358	PEBP1	1
REACTOME_SIGNALING_BY_RETINOIC_ACID	REACTOME_SIGNALING_BY_RETINOIC_ACID	1/91	40/11635	0.269925486368233	0.528619920032798	0.520967575298358	PDK4	1
REACTOME_TRANSPORT_OF_VITAMINS_NUCLEOSIDES_AND_RELATED_MOLECULES	REACTOME_TRANSPORT_OF_VITAMINS_NUCLEOSIDES_AND_RELATED_MOLECULES	1/91	40/11635	0.269925486368233	0.528619920032798	0.520967575298358	SLCO3A1	1
WP_IL5_SIGNALING_PATHWAY	WP_IL5_SIGNALING_PATHWAY	1/91	40/11635	0.269925486368233	0.528619920032798	0.520967575298358	MAPT	1
WP_RENIN_ANGIOTENSIN_ALDOSTERONE_SYSTEM_RAAS	WP_RENIN_ANGIOTENSIN_ALDOSTERONE_SYSTEM_RAAS	1/91	40/11635	0.269925486368233	0.528619920032798	0.520967575298358	ITPR2	1
NABA_COLLAGENS	NABA_COLLAGENS	1/91	41/11635	0.275655264784834	0.528619920032798	0.520967575298358	COL8A1	1
PID_CXCR3_PATHWAY	PID_CXCR3_PATHWAY	1/91	41/11635	0.275655264784834	0.528619920032798	0.520967575298358	DNM1	1
PID_ECADHERIN_STABILIZATION_PATHWAY	PID_ECADHERIN_STABILIZATION_PATHWAY	1/91	41/11635	0.275655264784834	0.528619920032798	0.520967575298358	IGF1R	1
REACTOME_COLLAGEN_CHAIN_TRIMERIZATION	REACTOME_COLLAGEN_CHAIN_TRIMERIZATION	1/91	41/11635	0.275655264784834	0.528619920032798	0.520967575298358	COL8A1	1
REACTOME_VOLTAGE_GATED_POTASSIUM_CHANNELS	REACTOME_VOLTAGE_GATED_POTASSIUM_CHANNELS	1/91	41/11635	0.275655264784834	0.528619920032798	0.520967575298358	KCNC3	1
WP_SPLICING_FACTOR_NOVA_REGULATED_SYNAPTIC_PROTEINS	WP_SPLICING_FACTOR_NOVA_REGULATED_SYNAPTIC_PROTEINS	1/91	41/11635	0.275655264784834	0.528619920032798	0.520967575298358	GPHN	1
REACTOME_SLC_MEDIATED_TRANSMEMBRANE_TRANSPORT	REACTOME_SLC_MEDIATED_TRANSMEMBRANE_TRANSPORT	3/91	234/11635	0.276790231958553	0.528619920032798	0.520967575298358	SLCO3A1/SLC3A1/SLC5A1	3
PID_THROMBIN_PAR1_PATHWAY	PID_THROMBIN_PAR1_PATHWAY	1/91	42/11635	0.281340565018109	0.528619920032798	0.520967575298358	DNM1	1
REACTOME_HDMS_DEMETHYLATE_HISTONES	REACTOME_HDMS_DEMETHYLATE_HISTONES	1/91	42/11635	0.281340565018109	0.528619920032798	0.520967575298358	ARID5B	1
SIG_CHEMOTAXIS	SIG_CHEMOTAXIS	1/91	42/11635	0.281340565018109	0.528619920032798	0.520967575298358	ITPR2	1
WP_ARYL_HYDROCARBON_RECEPTOR_PATHWAY	WP_ARYL_HYDROCARBON_RECEPTOR_PATHWAY	1/91	42/11635	0.281340565018109	0.528619920032798	0.520967575298358	CES3	1
WP_GENES_CONTROLLING_NEPHROGENESIS	WP_GENES_CONTROLLING_NEPHROGENESIS	1/91	42/11635	0.281340565018109	0.528619920032798	0.520967575298358	EMX2	1
WP_GLYCOLYSIS_AND_GLUCONEOGENESIS	WP_GLYCOLYSIS_AND_GLUCONEOGENESIS	1/91	42/11635	0.281340565018109	0.528619920032798	0.520967575298358	GOT1	1
WP_IL2_SIGNALING_PATHWAY	WP_IL2_SIGNALING_PATHWAY	1/91	42/11635	0.281340565018109	0.528619920032798	0.520967575298358	MAPT	1
WP_REGULATION_OF_MICROTUBULE_CYTOSKELETON	WP_REGULATION_OF_MICROTUBULE_CYTOSKELETON	1/91	42/11635	0.281340565018109	0.528619920032798	0.520967575298358	MAPT	1
PID_HNF3A_PATHWAY	PID_HNF3A_PATHWAY	1/91	43/11635	0.286981728529137	0.528619920032798	0.520967575298358	SERPINA1	1
REACTOME_G_ALPHA_Z_SIGNALLING_EVENTS	REACTOME_G_ALPHA_Z_SIGNALLING_EVENTS	1/91	43/11635	0.286981728529137	0.528619920032798	0.520967575298358	ADCY9	1
REACTOME_NEGATIVE_REGULATION_OF_MAPK_PATHWAY	REACTOME_NEGATIVE_REGULATION_OF_MAPK_PATHWAY	1/91	43/11635	0.286981728529137	0.528619920032798	0.520967575298358	PEBP1	1
REACTOME_ANTI_INFLAMMATORY_RESPONSE_FAVOURING_LEISHMANIA_PARASITE_INFECTION	REACTOME_ANTI_INFLAMMATORY_RESPONSE_FAVOURING_LEISHMANIA_PARASITE_INFECTION	2/91	136/11635	0.28786267819977	0.528619920032798	0.520967575298358	ADCY9/ITPR2	2
KEGG_ALZHEIMERS_DISEASE	KEGG_ALZHEIMERS_DISEASE	2/91	137/11635	0.290762847341948	0.528619920032798	0.520967575298358	ITPR2/MAPT	2
REACTOME_BETA_CATENIN_INDEPENDENT_WNT_SIGNALING	REACTOME_BETA_CATENIN_INDEPENDENT_WNT_SIGNALING	2/91	137/11635	0.290762847341948	0.528619920032798	0.520967575298358	ITPR2/TCF7L2	2
WP_MESODERMAL_COMMITMENT_PATHWAY	WP_MESODERMAL_COMMITMENT_PATHWAY	2/91	137/11635	0.290762847341948	0.528619920032798	0.520967575298358	ARID5B/CTBP2	2
REACTOME_PLATELET_ACTIVATION_SIGNALING_AND_AGGREGATION	REACTOME_PLATELET_ACTIVATION_SIGNALING_AND_AGGREGATION	3/91	241/11635	0.291725173088921	0.528619920032798	0.520967575298358	F8/ITPR2/SERPINA1	3
PID_AJDISS_2PATHWAY	PID_AJDISS_2PATHWAY	1/91	44/11635	0.292579094186819	0.528619920032798	0.520967575298358	IGF1R	1
PID_CERAMIDE_PATHWAY	PID_CERAMIDE_PATHWAY	1/91	44/11635	0.292579094186819	0.528619920032798	0.520967575298358	CRADD	1
REACTOME_GAP_JUNCTION_TRAFFICKING_AND_REGULATION	REACTOME_GAP_JUNCTION_TRAFFICKING_AND_REGULATION	1/91	44/11635	0.292579094186819	0.528619920032798	0.520967575298358	DNM1	1
REACTOME_INOSITOL_PHOSPHATE_METABOLISM	REACTOME_INOSITOL_PHOSPHATE_METABOLISM	1/91	44/11635	0.292579094186819	0.528619920032798	0.520967575298358	MIOX	1
REACTOME_TP53_REGULATES_TRANSCRIPTION_OF_CELL_DEATH_GENES	REACTOME_TP53_REGULATES_TRANSCRIPTION_OF_CELL_DEATH_GENES	1/91	44/11635	0.292579094186819	0.528619920032798	0.520967575298358	CRADD	1
SIG_BCR_SIGNALING_PATHWAY	SIG_BCR_SIGNALING_PATHWAY	1/91	44/11635	0.292579094186819	0.528619920032798	0.520967575298358	ITPR2	1
WP_NOTCH_SIGNALING	WP_NOTCH_SIGNALING	1/91	44/11635	0.292579094186819	0.528619920032798	0.520967575298358	CTBP2	1
REACTOME_CLATHRIN_MEDIATED_ENDOCYTOSIS	REACTOME_CLATHRIN_MEDIATED_ENDOCYTOSIS	2/91	139/11635	0.296559162904866	0.528619920032798	0.520967575298358	DNM1/STON2	2
KEGG_NOTCH_SIGNALING_PATHWAY	KEGG_NOTCH_SIGNALING_PATHWAY	1/91	45/11635	0.298132998287328	0.528619920032798	0.520967575298358	CTBP2	1
PID_RHOA_REG_PATHWAY	PID_RHOA_REG_PATHWAY	1/91	45/11635	0.298132998287328	0.528619920032798	0.520967575298358	DLC1	1
PID_SYNDECAN_1_PATHWAY	PID_SYNDECAN_1_PATHWAY	1/91	45/11635	0.298132998287328	0.528619920032798	0.520967575298358	COL8A1	1
REACTOME_CARGO_TRAFFICKING_TO_THE_PERICILIARY_MEMBRANE	REACTOME_CARGO_TRAFFICKING_TO_THE_PERICILIARY_MEMBRANE	1/91	45/11635	0.298132998287328	0.528619920032798	0.520967575298358	BBS9	1
REACTOME_CYCLIN_D_ASSOCIATED_EVENTS_IN_G1	REACTOME_CYCLIN_D_ASSOCIATED_EVENTS_IN_G1	1/91	45/11635	0.298132998287328	0.528619920032798	0.520967575298358	CCND3	1
REACTOME_RECYCLING_PATHWAY_OF_L1	REACTOME_RECYCLING_PATHWAY_OF_L1	1/91	45/11635	0.298132998287328	0.528619920032798	0.520967575298358	DNM1	1
REACTOME_SIGNALING_BY_MODERATE_KINASE_ACTIVITY_BRAF_MUTANTS	REACTOME_SIGNALING_BY_MODERATE_KINASE_ACTIVITY_BRAF_MUTANTS	1/91	45/11635	0.298132998287328	0.528619920032798	0.520967575298358	PEBP1	1
WP_NEPHROTIC_SYNDROME	WP_NEPHROTIC_SYNDROME	1/91	45/11635	0.298132998287328	0.528619920032798	0.520967575298358	ARHGAP24	1
HALLMARK_FATTY_ACID_METABOLISM	HALLMARK_FATTY_ACID_METABOLISM	2/91	140/11635	0.299455000237159	0.528619920032798	0.520967575298358	ACSS1/PTPRG	2
WP_CALCIUM_REGULATION_IN_THE_CARDIAC_CELL	WP_CALCIUM_REGULATION_IN_THE_CARDIAC_CELL	2/91	140/11635	0.299455000237159	0.528619920032798	0.520967575298358	ADCY9/ITPR2	2
REACTOME_THE_CITRIC_ACID_TCA_CYCLE_AND_RESPIRATORY_ELECTRON_TRANSPORT	REACTOME_THE_CITRIC_ACID_TCA_CYCLE_AND_RESPIRATORY_ELECTRON_TRANSPORT	2/91	141/11635	0.302349088618218	0.529207721399395	0.521546867604811	PDK4/L2HGDH	2
PID_HEDGEHOG_GLI_PATHWAY	PID_HEDGEHOG_GLI_PATHWAY	1/91	46/11635	0.303643774573424	0.529207721399395	0.521546867604811	MTSS1	1
REACTOME_AQUAPORIN_MEDIATED_TRANSPORT	REACTOME_AQUAPORIN_MEDIATED_TRANSPORT	1/91	46/11635	0.303643774573424	0.529207721399395	0.521546867604811	ADCY9	1
WP_ENVELOPE_PROTEINS_AND_THEIR_POTENTIAL_ROLES_IN_EDMD_PHYSIOPATHOLOGY	WP_ENVELOPE_PROTEINS_AND_THEIR_POTENTIAL_ROLES_IN_EDMD_PHYSIOPATHOLOGY	1/91	46/11635	0.303643774573424	0.529207721399395	0.521546867604811	ADCY9	1
WP_BREAST_CANCER_PATHWAY	WP_BREAST_CANCER_PATHWAY	2/91	142/11635	0.30524127957252	0.530308425586435	0.522631637908978	IGF1R/TCF7L2	2
PID_FOXO_PATHWAY	PID_FOXO_PATHWAY	1/91	47/11635	0.309111754253622	0.532195518044997	0.52449141266442	ZFAND5	1
KEGG_PURINE_METABOLISM	KEGG_PURINE_METABOLISM	2/91	144/11635	0.311019387158347	0.532195518044997	0.52449141266442	ADCY9/PDE7A	2
WP_MYOMETRIAL_RELAXATION_AND_CONTRACTION_PATHWAYS	WP_MYOMETRIAL_RELAXATION_AND_CONTRACTION_PATHWAYS	2/91	144/11635	0.311019387158347	0.532195518044997	0.52449141266442	ADCY9/ITPR2	2
REACTOME_ER_TO_GOLGI_ANTEROGRADE_TRANSPORT	REACTOME_ER_TO_GOLGI_ANTEROGRADE_TRANSPORT	2/91	145/11635	0.313905018616526	0.532195518044997	0.52449141266442	F8/SERPINA1	2
REACTOME_APOPTOTIC_EXECUTION_PHASE	REACTOME_APOPTOTIC_EXECUTION_PHASE	1/91	48/11635	0.31453726602122	0.532195518044997	0.52449141266442	MAPT	1
REACTOME_RHOD_GTPASE_CYCLE	REACTOME_RHOD_GTPASE_CYCLE	1/91	48/11635	0.31453726602122	0.532195518044997	0.52449141266442	ARHGAP32	1
REACTOME_SIGNALING_BY_HEDGEHOG	REACTOME_SIGNALING_BY_HEDGEHOG	2/91	147/11635	0.319668741190972	0.532195518044997	0.52449141266442	ADCY9/DYNC2H1	2
KEGG_VIBRIO_CHOLERAE_INFECTION	KEGG_VIBRIO_CHOLERAE_INFECTION	1/91	49/11635	0.31992063607318	0.532195518044997	0.52449141266442	ADCY9	1
PID_CASPASE_PATHWAY	PID_CASPASE_PATHWAY	1/91	49/11635	0.31992063607318	0.532195518044997	0.52449141266442	CRADD	1
WP_COPPER_HOMEOSTASIS	WP_COPPER_HOMEOSTASIS	1/91	49/11635	0.31992063607318	0.532195518044997	0.52449141266442	MAPT	1
WP_ONE_CARBON_METABOLISM_AND_RELATED_PATHWAYS	WP_ONE_CARBON_METABOLISM_AND_RELATED_PATHWAYS	1/91	49/11635	0.31992063607318	0.532195518044997	0.52449141266442	DNM1	1
REACTOME_SIGNALING_BY_RECEPTOR_TYROSINE_KINASES	REACTOME_SIGNALING_BY_RECEPTOR_TYROSINE_KINASES	5/91	480/11635	0.321995317843778	0.532195518044997	0.52449141266442	BAIAP2/DNM1/IGF1R/ITPR2/PTPRJ	5
KEGG_ENDOMETRIAL_CANCER	KEGG_ENDOMETRIAL_CANCER	1/91	50/11635	0.32526218812888	0.532195518044997	0.52449141266442	TCF7L2	1
REACTOME_EPH_EPHRIN_MEDIATED_REPULSION_OF_CELLS	REACTOME_EPH_EPHRIN_MEDIATED_REPULSION_OF_CELLS	1/91	50/11635	0.32526218812888	0.532195518044997	0.52449141266442	DNM1	1
REACTOME_NETRIN_1_SIGNALING	REACTOME_NETRIN_1_SIGNALING	1/91	50/11635	0.32526218812888	0.532195518044997	0.52449141266442	UNC5D	1
REACTOME_SIGNALING_BY_TYPE_1_INSULIN_LIKE_GROWTH_FACTOR_1_RECEPTOR_IGF1R	REACTOME_SIGNALING_BY_TYPE_1_INSULIN_LIKE_GROWTH_FACTOR_1_RECEPTOR_IGF1R	1/91	50/11635	0.32526218812888	0.532195518044997	0.52449141266442	IGF1R	1
WP_APOPTOSISRELATED_NETWORK_DUE_TO_ALTERED_NOTCH3_IN_OVARIAN_CANCER	WP_APOPTOSISRELATED_NETWORK_DUE_TO_ALTERED_NOTCH3_IN_OVARIAN_CANCER	1/91	50/11635	0.32526218812888	0.532195518044997	0.52449141266442	YBX3	1
HALLMARK_APOPTOSIS	HALLMARK_APOPTOSIS	2/91	150/11635	0.328293454794123	0.532195518044997	0.52449141266442	NEDD9/TGFBR3	2
KEGG_INOSITOL_PHOSPHATE_METABOLISM	KEGG_INOSITOL_PHOSPHATE_METABOLISM	1/91	51/11635	0.330562243448714	0.532195518044997	0.52449141266442	MIOX	1
PID_RAC1_PATHWAY	PID_RAC1_PATHWAY	1/91	51/11635	0.330562243448714	0.532195518044997	0.52449141266442	BAIAP2	1
REACTOME_INTRAFLAGELLAR_TRANSPORT	REACTOME_INTRAFLAGELLAR_TRANSPORT	1/91	51/11635	0.330562243448714	0.532195518044997	0.52449141266442	DYNC2H1	1
REACTOME_ION_HOMEOSTASIS	REACTOME_ION_HOMEOSTASIS	1/91	51/11635	0.330562243448714	0.532195518044997	0.52449141266442	ITPR2	1
REACTOME_SIGNALING_BY_PTK6	REACTOME_SIGNALING_BY_PTK6	1/91	51/11635	0.330562243448714	0.532195518044997	0.52449141266442	KHDRBS3	1
WP_SYNAPTIC_VESICLE_PATHWAY	WP_SYNAPTIC_VESICLE_PATHWAY	1/91	51/11635	0.330562243448714	0.532195518044997	0.52449141266442	DNM1	1
WP_WNT_SIGNALING_PATHWAY_NETPATH	WP_WNT_SIGNALING_PATHWAY_NETPATH	1/91	51/11635	0.330562243448714	0.532195518044997	0.52449141266442	TCF7L2	1
KEGG_BASAL_CELL_CARCINOMA	KEGG_BASAL_CELL_CARCINOMA	1/91	52/11635	0.335821120852562	0.535947079500164	0.528188666212413	TCF7L2	1
PID_TGFBR_PATHWAY	PID_TGFBR_PATHWAY	1/91	52/11635	0.335821120852562	0.535947079500164	0.528188666212413	TGFBR3	1
REACTOME_E3_UBIQUITIN_LIGASES_UBIQUITINATE_TARGET_PROTEINS	REACTOME_E3_UBIQUITIN_LIGASES_UBIQUITINATE_TARGET_PROTEINS	1/91	52/11635	0.335821120852562	0.535947079500164	0.528188666212413	RNF152	1
WP_INSULIN_SIGNALING	WP_INSULIN_SIGNALING	2/91	154/11635	0.339748690903798	0.536477037447643	0.528710952445764	IGF1R/TBC1D4	2
BIOCARTA_HIVNEF_PATHWAY	BIOCARTA_HIVNEF_PATHWAY	1/91	53/11635	0.341039136738119	0.536477037447643	0.528710952445764	CRADD	1
REACTOME_GABA_RECEPTOR_ACTIVATION	REACTOME_GABA_RECEPTOR_ACTIVATION	1/91	53/11635	0.341039136738119	0.536477037447643	0.528710952445764	ADCY9	1
REACTOME_NUCLEAR_RECEPTOR_TRANSCRIPTION_PATHWAY	REACTOME_NUCLEAR_RECEPTOR_TRANSCRIPTION_PATHWAY	1/91	53/11635	0.341039136738119	0.536477037447643	0.528710952445764	NR6A1	1
WP_HEMATOPOIETIC_STEM_CELL_DIFFERENTIATION	WP_HEMATOPOIETIC_STEM_CELL_DIFFERENTIATION	1/91	53/11635	0.341039136738119	0.536477037447643	0.528710952445764	MXI1	1
KEGG_GLYCOLYSIS_GLUCONEOGENESIS	KEGG_GLYCOLYSIS_GLUCONEOGENESIS	1/91	54/11635	0.346216605099096	0.538807979919708	0.531008152006001	ACSS1	1
PID_TXA2PATHWAY	PID_TXA2PATHWAY	1/91	54/11635	0.346216605099096	0.538807979919708	0.531008152006001	DNM1	1
REACTOME_RHOJ_GTPASE_CYCLE	REACTOME_RHOJ_GTPASE_CYCLE	1/91	54/11635	0.346216605099096	0.538807979919708	0.531008152006001	ARHGAP32	1
WP_EGFEGFR_SIGNALING_PATHWAY	WP_EGFEGFR_SIGNALING_PATHWAY	2/91	158/11635	0.351146032421409	0.538807979919708	0.531008152006001	DNM1/PEBP1	2
PID_NOTCH_PATHWAY	PID_NOTCH_PATHWAY	1/91	55/11635	0.35135383754327	0.538807979919708	0.531008152006001	DNM1	1
REACTOME_ASSEMBLY_OF_COLLAGEN_FIBRILS_AND_OTHER_MULTIMERIC_STRUCTURES	REACTOME_ASSEMBLY_OF_COLLAGEN_FIBRILS_AND_OTHER_MULTIMERIC_STRUCTURES	1/91	55/11635	0.35135383754327	0.538807979919708	0.531008152006001	COL8A1	1
REACTOME_KINESINS	REACTOME_KINESINS	1/91	55/11635	0.35135383754327	0.538807979919708	0.531008152006001	KIF13B	1
WP_GENOTOXICITY_PATHWAY	WP_GENOTOXICITY_PATHWAY	1/91	55/11635	0.35135383754327	0.538807979919708	0.531008152006001	TM7SF3	1
WP_TGFBETA_RECEPTOR_SIGNALING	WP_TGFBETA_RECEPTOR_SIGNALING	1/91	55/11635	0.35135383754327	0.538807979919708	0.531008152006001	TGFBR3	1
REACTOME_ORGANELLE_BIOGENESIS_AND_MAINTENANCE	REACTOME_ORGANELLE_BIOGENESIS_AND_MAINTENANCE	3/91	271/11635	0.35611825418397	0.542082209632739	0.53423498370478	BBS9/CEP70/DYNC2H1	3
PID_SHP2_PATHWAY	PID_SHP2_PATHWAY	1/91	56/11635	0.356451143310417	0.542082209632739	0.53423498370478	IGF1R	1
REACTOME_IRON_UPTAKE_AND_TRANSPORT	REACTOME_IRON_UPTAKE_AND_TRANSPORT	1/91	56/11635	0.356451143310417	0.542082209632739	0.53423498370478	ACO1	1
REACTOME_COLLAGEN_DEGRADATION	REACTOME_COLLAGEN_DEGRADATION	1/91	57/11635	0.361508829290101	0.546744758347838	0.53883003698742	COL8A1	1
REACTOME_PARASITE_INFECTION	REACTOME_PARASITE_INFECTION	1/91	57/11635	0.361508829290101	0.546744758347838	0.53883003698742	BAIAP2	1
KEGG_CALCIUM_SIGNALING_PATHWAY	KEGG_CALCIUM_SIGNALING_PATHWAY	2/91	163/11635	0.365300168116326	0.549790800058997	0.541831983952305	ADCY9/ITPR2	2
PID_AR_PATHWAY	PID_AR_PATHWAY	1/91	58/11635	0.366527200039332	0.549790800058997	0.541831983952305	CCND3	1
WP_LUNG_FIBROSIS	WP_LUNG_FIBROSIS	1/91	58/11635	0.366527200039332	0.549790800058997	0.541831983952305	SERPINA1	1
WP_CILIOPATHIES	WP_CILIOPATHIES	2/91	164/11635	0.368117583548398	0.550671807542426	0.542700237900119	BBS9/DYNC2H1	2
WP_ENDOMETRIAL_CANCER	WP_ENDOMETRIAL_CANCER	1/91	59/11635	0.371506557800101	0.551118704484555	0.543140665525954	TCF7L2	1
WP_KIT_RECEPTOR_SIGNALING_PATHWAY	WP_KIT_RECEPTOR_SIGNALING_PATHWAY	1/91	59/11635	0.371506557800101	0.551118704484555	0.543140665525954	MAPT	1
WP_TGFBETA_RECEPTOR_SIGNALLING_IN_SKELETAL_DYSPLASIAS	WP_TGFBETA_RECEPTOR_SIGNALLING_IN_SKELETAL_DYSPLASIAS	1/91	59/11635	0.371506557800101	0.551118704484555	0.543140665525954	TGFBR3	1
REACTOME_DISORDERS_OF_TRANSMEMBRANE_TRANSPORTERS	REACTOME_DISORDERS_OF_TRANSMEMBRANE_TRANSPORTERS	2/91	166/11635	0.373738189507991	0.551118704484555	0.543140665525954	SLC3A1/SLC5A1	2
KEGG_COLORECTAL_CANCER	KEGG_COLORECTAL_CANCER	1/91	60/11635	0.376447202516772	0.551118704484555	0.543140665525954	TCF7L2	1
PID_TRKR_PATHWAY	PID_TRKR_PATHWAY	1/91	60/11635	0.376447202516772	0.551118704484555	0.543140665525954	DNM1	1
WP_NOTCH_SIGNALING_PATHWAY_NETPATH	WP_NOTCH_SIGNALING_PATHWAY_NETPATH	1/91	60/11635	0.376447202516772	0.551118704484555	0.543140665525954	MAPT	1
WP_ONCOSTATIN_M_SIGNALING_PATHWAY	WP_ONCOSTATIN_M_SIGNALING_PATHWAY	1/91	60/11635	0.376447202516772	0.551118704484555	0.543140665525954	LIFR	1
WP_ENDOCHONDRAL_OSSIFICATION	WP_ENDOCHONDRAL_OSSIFICATION	1/91	61/11635	0.381349431853357	0.55187882579704	0.543889783260816	IGF1R	1
WP_ENDOCHONDRAL_OSSIFICATION_WITH_SKELETAL_DYSPLASIAS	WP_ENDOCHONDRAL_OSSIFICATION_WITH_SKELETAL_DYSPLASIAS	1/91	61/11635	0.381349431853357	0.55187882579704	0.543889783260816	IGF1R	1
WP_G1_TO_S_CELL_CYCLE_CONTROL	WP_G1_TO_S_CELL_CYCLE_CONTROL	1/91	61/11635	0.381349431853357	0.55187882579704	0.543889783260816	CCND3	1
WP_TYROBP_CAUSAL_NETWORK	WP_TYROBP_CAUSAL_NETWORK	1/91	61/11635	0.381349431853357	0.55187882579704	0.543889783260816	RBM47	1
KEGG_ENDOCYTOSIS	KEGG_ENDOCYTOSIS	2/91	170/11635	0.384919807543409	0.55187882579704	0.543889783260816	DNM1/IGF1R	2
REACTOME_ANTIGEN_PROCESSING_UBIQUITINATION_PROTEASOME_DEGRADATION	REACTOME_ANTIGEN_PROCESSING_UBIQUITINATION_PROTEASOME_DEGRADATION	3/91	285/11635	0.386033633334292	0.55187882579704	0.543889783260816	HECTD2/UBE3D/ZBTB16	3
PID_ENDOTHELIN_PATHWAY	PID_ENDOTHELIN_PATHWAY	1/91	62/11635	0.386213541210654	0.55187882579704	0.543889783260816	ADCY9	1
PID_RB_1PATHWAY	PID_RB_1PATHWAY	1/91	62/11635	0.386213541210654	0.55187882579704	0.543889783260816	CCND3	1
REACTOME_PKMTS_METHYLATE_HISTONE_LYSINES	REACTOME_PKMTS_METHYLATE_HISTONE_LYSINES	1/91	62/11635	0.386213541210654	0.55187882579704	0.543889783260816	SETD3	1
REACTOME_TRANSPORT_TO_THE_GOLGI_AND_SUBSEQUENT_MODIFICATION	REACTOME_TRANSPORT_TO_THE_GOLGI_AND_SUBSEQUENT_MODIFICATION	2/91	172/11635	0.39047934298819	0.55187882579704	0.543889783260816	F8/SERPINA1	2
KEGG_GLIOMA	KEGG_GLIOMA	1/91	63/11635	0.391039823743258	0.55187882579704	0.543889783260816	IGF1R	1
REACTOME_PLASMA_LIPOPROTEIN_ASSEMBLY_REMODELING_AND_CLEARANCE	REACTOME_PLASMA_LIPOPROTEIN_ASSEMBLY_REMODELING_AND_CLEARANCE	1/91	63/11635	0.391039823743258	0.55187882579704	0.543889783260816	CES3	1
WP_DNA_DAMAGE_RESPONSE	WP_DNA_DAMAGE_RESPONSE	1/91	63/11635	0.391039823743258	0.55187882579704	0.543889783260816	CCND3	1
WP_STEROL_REGULATORY_ELEMENTBINDING_PROTEINS_SREBP_SIGNALLING	WP_STEROL_REGULATORY_ELEMENTBINDING_PROTEINS_SREBP_SIGNALLING	1/91	63/11635	0.391039823743258	0.55187882579704	0.543889783260816	ACSS1	1
REACTOME_COLLAGEN_BIOSYNTHESIS_AND_MODIFYING_ENZYMES	REACTOME_COLLAGEN_BIOSYNTHESIS_AND_MODIFYING_ENZYMES	1/91	64/11635	0.395828570376455	0.555779757382798	0.547734244645304	COL8A1	1
REACTOME_COSTIMULATION_BY_THE_CD28_FAMILY	REACTOME_COSTIMULATION_BY_THE_CD28_FAMILY	1/91	64/11635	0.395828570376455	0.555779757382798	0.547734244645304	TNFRSF14	1
PID_AP1_PATHWAY	PID_AP1_PATHWAY	1/91	65/11635	0.400580069822981	0.558168675971615	0.550088581055336	TCF7L2	1
REACTOME_SIGNALING_BY_BRAF_AND_RAF_FUSIONS	REACTOME_SIGNALING_BY_BRAF_AND_RAF_FUSIONS	1/91	65/11635	0.400580069822981	0.558168675971615	0.550088581055336	PEBP1	1
WP_PATHWAYS_AFFECTED_IN_ADENOID_CYSTIC_CARCINOMA	WP_PATHWAYS_AFFECTED_IN_ADENOID_CYSTIC_CARCINOMA	1/91	65/11635	0.400580069822981	0.558168675971615	0.550088581055336	ARID5B	1
KEGG_P53_SIGNALING_PATHWAY	KEGG_P53_SIGNALING_PATHWAY	1/91	66/11635	0.405294608599654	0.561885707376793	0.553751804413137	CCND3	1
REACTOME_EXTRA_NUCLEAR_ESTROGEN_SIGNALING	REACTOME_EXTRA_NUCLEAR_ESTROGEN_SIGNALING	1/91	66/11635	0.405294608599654	0.561885707376793	0.553751804413137	IGF1R	1
KEGG_MELANOMA	KEGG_MELANOMA	1/91	67/11635	0.409972471043895	0.564096549323057	0.555930642032502	IGF1R	1
PID_CDC42_PATHWAY	PID_CDC42_PATHWAY	1/91	67/11635	0.409972471043895	0.564096549323057	0.555930642032502	BAIAP2	1
PID_VEGFR1_2_PATHWAY	PID_VEGFR1_2_PATHWAY	1/91	67/11635	0.409972471043895	0.564096549323057	0.555930642032502	PTPRJ	1
REACTOME_METABOLISM_OF_VITAMINS_AND_COFACTORS	REACTOME_METABOLISM_OF_VITAMINS_AND_COFACTORS	2/91	180/11635	0.412493020101042	0.564096549323057	0.555930642032502	ALDH1L1/GPHN	2
KEGG_ARRHYTHMOGENIC_RIGHT_VENTRICULAR_CARDIOMYOPATHY_ARVC	KEGG_ARRHYTHMOGENIC_RIGHT_VENTRICULAR_CARDIOMYOPATHY_ARVC	1/91	68/11635	0.414613939330116	0.564096549323057	0.555930642032502	TCF7L2	1
KEGG_LONG_TERM_POTENTIATION	KEGG_LONG_TERM_POTENTIATION	1/91	68/11635	0.414613939330116	0.564096549323057	0.555930642032502	ITPR2	1
REACTOME_AURKA_ACTIVATION_BY_TPX2	REACTOME_AURKA_ACTIVATION_BY_TPX2	1/91	68/11635	0.414613939330116	0.564096549323057	0.555930642032502	CEP70	1
REACTOME_TRANSLOCATION_OF_SLC2A4_GLUT4_TO_THE_PLASMA_MEMBRANE	REACTOME_TRANSLOCATION_OF_SLC2A4_GLUT4_TO_THE_PLASMA_MEMBRANE	1/91	69/11635	0.419219293485988	0.564096549323057	0.555930642032502	TBC1D4	1
WP_3Q29_COPY_NUMBER_VARIATION_SYNDROME	WP_3Q29_COPY_NUMBER_VARIATION_SYNDROME	1/91	69/11635	0.419219293485988	0.564096549323057	0.555930642032502	DYNC2H1	1
WP_ARRHYTHMOGENIC_RIGHT_VENTRICULAR_CARDIOMYOPATHY	WP_ARRHYTHMOGENIC_RIGHT_VENTRICULAR_CARDIOMYOPATHY	1/91	69/11635	0.419219293485988	0.564096549323057	0.555930642032502	TCF7L2	1
WP_CHROMOSOMAL_AND_MICROSATELLITE_INSTABILITY_IN_COLORECTAL_CANCER	WP_CHROMOSOMAL_AND_MICROSATELLITE_INSTABILITY_IN_COLORECTAL_CANCER	1/91	69/11635	0.419219293485988	0.564096549323057	0.555930642032502	TCF7L2	1
WP_MECP2_AND_ASSOCIATED_RETT_SYNDROME	WP_MECP2_AND_ASSOCIATED_RETT_SYNDROME	1/91	69/11635	0.419219293485988	0.564096549323057	0.555930642032502	IGF1R	1
HALLMARK_MYOGENESIS	HALLMARK_MYOGENESIS	2/91	184/11635	0.423356401085255	0.56470887733814	0.556534105937693	ADCY9/CKB	2
REACTOME_RHOG_GTPASE_CYCLE	REACTOME_RHOG_GTPASE_CYCLE	1/91	70/11635	0.423788811408586	0.56470887733814	0.556534105937693	ARHGAP32	1
WP_HEAD_AND_NECK_SQUAMOUS_CELL_CARCINOMA	WP_HEAD_AND_NECK_SQUAMOUS_CELL_CARCINOMA	1/91	70/11635	0.423788811408586	0.56470887733814	0.556534105937693	IGF1R	1
WP_JOUBERT_SYNDROME	WP_JOUBERT_SYNDROME	1/91	70/11635	0.423788811408586	0.56470887733814	0.556534105937693	BBS9	1
KEGG_CHRONIC_MYELOID_LEUKEMIA	KEGG_CHRONIC_MYELOID_LEUKEMIA	1/91	71/11635	0.428322768880425	0.565262500277292	0.557079714586383	CTBP2	1
REACTOME_PROTEIN_UBIQUITINATION	REACTOME_PROTEIN_UBIQUITINATION	1/91	71/11635	0.428322768880425	0.565262500277292	0.557079714586383	RNF152	1
WP_MIRNA_REGULATION_OF_DNA_DAMAGE_RESPONSE	WP_MIRNA_REGULATION_OF_DNA_DAMAGE_RESPONSE	1/91	71/11635	0.428322768880425	0.565262500277292	0.557079714586383	CCND3	1
WP_PRIMARY_FOCAL_SEGMENTAL_GLOMERULOSCLEROSIS_FSGS	WP_PRIMARY_FOCAL_SEGMENTAL_GLOMERULOSCLEROSIS_FSGS	1/91	71/11635	0.428322768880425	0.565262500277292	0.557079714586383	DNM1	1
REACTOME_NEUROTRANSMITTER_RECEPTORS_AND_POSTSYNAPTIC_SIGNAL_TRANSMISSION	REACTOME_NEUROTRANSMITTER_RECEPTORS_AND_POSTSYNAPTIC_SIGNAL_TRANSMISSION	2/91	189/11635	0.436792057195318	0.568885111903525	0.560649884993599	ADCY9/MAPT	2
KEGG_PHOSPHATIDYLINOSITOL_SIGNALING_SYSTEM	KEGG_PHOSPHATIDYLINOSITOL_SIGNALING_SYSTEM	1/91	73/11635	0.437285095124385	0.568885111903525	0.560649884993599	ITPR2	1
PID_BETA_CATENIN_NUC_PATHWAY	PID_BETA_CATENIN_NUC_PATHWAY	1/91	73/11635	0.437285095124385	0.568885111903525	0.560649884993599	TCF7L2	1
PID_P73PATHWAY	PID_P73PATHWAY	1/91	73/11635	0.437285095124385	0.568885111903525	0.560649884993599	SERPINA1	1
REACTOME_REGULATION_OF_INSULIN_SECRETION	REACTOME_REGULATION_OF_INSULIN_SECRETION	1/91	73/11635	0.437285095124385	0.568885111903525	0.560649884993599	ITPR2	1
REACTOME_SENSORY_PROCESSING_OF_SOUND	REACTOME_SENSORY_PROCESSING_OF_SOUND	1/91	73/11635	0.437285095124385	0.568885111903525	0.560649884993599	CTBP2	1
REACTOME_FORMATION_OF_THE_BETA_CATENIN_TCF_TRANSACTIVATING_COMPLEX	REACTOME_FORMATION_OF_THE_BETA_CATENIN_TCF_TRANSACTIVATING_COMPLEX	1/91	74/11635	0.441714005031294	0.572461981952054	0.564174975981892	TCF7L2	1
KEGG_FOCAL_ADHESION	KEGG_FOCAL_ADHESION	2/91	191/11635	0.442120000633281	0.572461981952054	0.564174975981892	CCND3/IGF1R	2
HALLMARK_IL2_STAT5_SIGNALING	HALLMARK_IL2_STAT5_SIGNALING	2/91	192/11635	0.444773805646359	0.573194411501998	0.564896802822408	CCND3/IGF1R	2
WP_FOCAL_ADHESION	WP_FOCAL_ADHESION	2/91	192/11635	0.444773805646359	0.573194411501998	0.564896802822408	CCND3/IGF1R	2
WP_REGULATORY_CIRCUITS_OF_THE_STAT3_SIGNALING_PATHWAY	WP_REGULATORY_CIRCUITS_OF_THE_STAT3_SIGNALING_PATHWAY	1/91	75/11635	0.446108436788249	0.57356799015632	0.565264973521903	LIFR	1
PID_MET_PATHWAY	PID_MET_PATHWAY	1/91	76/11635	0.450468655841213	0.576473874258335	0.568128791810535	PTPRJ	1
REACTOME_PEPTIDE_HORMONE_METABOLISM	REACTOME_PEPTIDE_HORMONE_METABOLISM	1/91	76/11635	0.450468655841213	0.576473874258335	0.568128791810535	TCF7L2	1
REACTOME_RECRUITMENT_OF_MITOTIC_CENTROSOME_PROTEINS_AND_COMPLEXES	REACTOME_RECRUITMENT_OF_MITOTIC_CENTROSOME_PROTEINS_AND_COMPLEXES	1/91	77/11635	0.454794925615281	0.579309545621321	0.570923413765428	CEP70	1
REACTOME_SIGNALING_BY_MET	REACTOME_SIGNALING_BY_MET	1/91	77/11635	0.454794925615281	0.579309545621321	0.570923413765428	PTPRJ	1
REACTOME_PI_METABOLISM	REACTOME_PI_METABOLISM	1/91	78/11635	0.459087507529886	0.580735118972137	0.572328350401071	INPP5F	1
WP_HAIR_FOLLICLE_DEVELOPMENT_CYTODIFFERENTIATION_PART_3_OF_3	WP_HAIR_FOLLICLE_DEVELOPMENT_CYTODIFFERENTIATION_PART_3_OF_3	1/91	78/11635	0.459087507529886	0.580735118972137	0.572328350401071	ZBTB16	1
WP_SIGNALING_PATHWAYS_IN_GLIOBLASTOMA	WP_SIGNALING_PATHWAYS_IN_GLIOBLASTOMA	1/91	78/11635	0.459087507529886	0.580735118972137	0.572328350401071	IGF1R	1
REACTOME_INTEGRIN_CELL_SURFACE_INTERACTIONS	REACTOME_INTEGRIN_CELL_SURFACE_INTERACTIONS	1/91	81/11635	0.471765710542665	0.592479450065858	0.583902669607613	COL8A1	1
REACTOME_TRANSCRIPTIONAL_REGULATION_OF_WHITE_ADIPOCYTE_DIFFERENTIATION	REACTOME_TRANSCRIPTIONAL_REGULATION_OF_WHITE_ADIPOCYTE_DIFFERENTIATION	1/91	81/11635	0.471765710542665	0.592479450065858	0.583902669607613	CCND3	1
KEGG_DILATED_CARDIOMYOPATHY	KEGG_DILATED_CARDIOMYOPATHY	1/91	82/11635	0.475926115626672	0.592479450065858	0.583902669607613	ADCY9	1
REACTOME_ONCOGENIC_MAPK_SIGNALING	REACTOME_ONCOGENIC_MAPK_SIGNALING	1/91	82/11635	0.475926115626672	0.592479450065858	0.583902669607613	PEBP1	1
REACTOME_PLATELET_HOMEOSTASIS	REACTOME_PLATELET_HOMEOSTASIS	1/91	82/11635	0.475926115626672	0.592479450065858	0.583902669607613	ITPR2	1
REACTOME_REGULATION_OF_PLK1_ACTIVITY_AT_G2_M_TRANSITION	REACTOME_REGULATION_OF_PLK1_ACTIVITY_AT_G2_M_TRANSITION	1/91	82/11635	0.475926115626672	0.592479450065858	0.583902669607613	CEP70	1
WP_RETINOBLASTOMA_GENE_IN_CANCER	WP_RETINOBLASTOMA_GENE_IN_CANCER	1/91	82/11635	0.475926115626672	0.592479450065858	0.583902669607613	CCND3	1
REACTOME_COLLAGEN_FORMATION	REACTOME_COLLAGEN_FORMATION	1/91	83/11635	0.480054110388031	0.593580420277092	0.584987702084988	COL8A1	1
WP_EGFR_TYROSINE_KINASE_INHIBITOR_RESISTANCE	WP_EGFR_TYROSINE_KINASE_INHIBITOR_RESISTANCE	1/91	83/11635	0.480054110388031	0.593580420277092	0.584987702084988	IGF1R	1
WP_PANCREATIC_ADENOCARCINOMA_PATHWAY	WP_PANCREATIC_ADENOCARCINOMA_PATHWAY	1/91	83/11635	0.480054110388031	0.593580420277092	0.584987702084988	PEBP1	1
REACTOME_TCF_DEPENDENT_SIGNALING_IN_RESPONSE_TO_WNT	REACTOME_TCF_DEPENDENT_SIGNALING_IN_RESPONSE_TO_WNT	2/91	206/11635	0.481183708528466	0.593640125802534	0.585046543308413	TCF7L2/ZNRF3	2
WP_APOPTOSIS_MODULATION_AND_SIGNALING	WP_APOPTOSIS_MODULATION_AND_SIGNALING	1/91	85/11635	0.488213865835069	0.600962807944962	0.592263221711649	CRADD	1
WP_MICRORNAS_IN_CARDIOMYOCYTE_HYPERTROPHY	WP_MICRORNAS_IN_CARDIOMYOCYTE_HYPERTROPHY	1/91	86/11635	0.49224612022546	0.604570738263484	0.595818923338953	IGF1R	1
REACTOME_METABOLISM_OF_AMINO_ACIDS_AND_DERIVATIVES	REACTOME_METABOLISM_OF_AMINO_ACIDS_AND_DERIVATIVES	3/91	338/11635	0.495419844372904	0.607110478930188	0.598321898514269	AFMID/GOT1/CKB	3
REACTOME_TRANSCRIPTIONAL_REGULATION_BY_RUNX1	REACTOME_TRANSCRIPTIONAL_REGULATION_BY_RUNX1	2/91	213/11635	0.498843427106629	0.608911119262594	0.600096472631528	CCND3/LIFR	2
REACTOME_GLUCOSE_METABOLISM	REACTOME_GLUCOSE_METABOLISM	1/91	88/11635	0.500216602527195	0.608911119262594	0.600096472631528	GOT1	1
REACTOME_MAPK6_MAPK4_SIGNALING	REACTOME_MAPK6_MAPK4_SIGNALING	1/91	88/11635	0.500216602527195	0.608911119262594	0.600096472631528	CCND3	1
REACTOME_EPH_EPHRIN_SIGNALING	REACTOME_EPH_EPHRIN_SIGNALING	1/91	89/11635	0.50415531294289	0.610996173963899	0.60215134391227	DNM1	1
REACTOME_RECRUITMENT_OF_NUMA_TO_MITOTIC_CENTROSOMES	REACTOME_RECRUITMENT_OF_NUMA_TO_MITOTIC_CENTROSOMES	1/91	89/11635	0.50415531294289	0.610996173963899	0.60215134391227	CEP70	1
KEGG_FC_GAMMA_R_MEDIATED_PHAGOCYTOSIS	KEGG_FC_GAMMA_R_MEDIATED_PHAGOCYTOSIS	1/91	90/11635	0.508063321475905	0.613025853824773	0.604151641963251	DNM1	1
REACTOME_ACTIVATION_OF_NMDA_RECEPTORS_AND_POSTSYNAPTIC_EVENTS	REACTOME_ACTIVATION_OF_NMDA_RECEPTORS_AND_POSTSYNAPTIC_EVENTS	1/91	90/11635	0.508063321475905	0.613025853824773	0.604151641963251	MAPT	1
REACTOME_CLASS_I_MHC_MEDIATED_ANTIGEN_PROCESSING_PRESENTATION	REACTOME_CLASS_I_MHC_MEDIATED_ANTIGEN_PROCESSING_PRESENTATION	3/91	346/11635	0.511147419129145	0.615001170193615	0.606098363492509	HECTD2/UBE3D/ZBTB16	3
REACTOME_ANCHORING_OF_THE_BASAL_BODY_TO_THE_PLASMA_MEMBRANE	REACTOME_ANCHORING_OF_THE_BASAL_BODY_TO_THE_PLASMA_MEMBRANE	1/91	91/11635	0.511940864805978	0.615001170193615	0.606098363492509	CEP70	1
REACTOME_COPI_DEPENDENT_GOLGI_TO_ER_RETROGRADE_TRAFFIC	REACTOME_COPI_DEPENDENT_GOLGI_TO_ER_RETROGRADE_TRAFFIC	1/91	93/11635	0.519605493568784	0.620137860802745	0.611160694952758	KIF13B	1
REACTOME_TRANSCRIPTIONAL_REGULATION_BY_RUNX3	REACTOME_TRANSCRIPTIONAL_REGULATION_BY_RUNX3	1/91	93/11635	0.519605493568784	0.620137860802745	0.611160694952758	TCF7L2	1
WP_NEURAL_CREST_DIFFERENTIATION	WP_NEURAL_CREST_DIFFERENTIATION	1/91	93/11635	0.519605493568784	0.620137860802745	0.611160694952758	CTBP2	1
REACTOME_POTASSIUM_CHANNELS	REACTOME_POTASSIUM_CHANNELS	1/91	95/11635	0.527151056829034	0.627778590453665	0.618690816783019	KCNC3	1
REACTOME_CLEC7A_DECTIN_1_SIGNALING	REACTOME_CLEC7A_DECTIN_1_SIGNALING	1/91	96/11635	0.530879761666863	0.629488097527231	0.620375576893868	ITPR2	1
REACTOME_STIMULI_SENSING_CHANNELS	REACTOME_STIMULI_SENSING_CHANNELS	1/91	96/11635	0.530879761666863	0.629488097527231	0.620375576893868	TSC22D3	1
HALLMARK_PI3K_AKT_MTOR_SIGNALING	HALLMARK_PI3K_AKT_MTOR_SIGNALING	1/91	97/11635	0.534579383964144	0.632508796974817	0.623352548451837	ITPR2	1
PID_CXCR4_PATHWAY	PID_CXCR4_PATHWAY	1/91	98/11635	0.538250148053177	0.634118736654923	0.62493918251487	DNM1	1
WP_SENESCENCE_AND_AUTOPHAGY_IN_CANCER	WP_SENESCENCE_AND_AUTOPHAGY_IN_CANCER	1/91	98/11635	0.538250148053177	0.634118736654923	0.62493918251487	IGF1R	1
REACTOME_CARGO_RECOGNITION_FOR_CLATHRIN_MEDIATED_ENDOCYTOSIS	REACTOME_CARGO_RECOGNITION_FOR_CLATHRIN_MEDIATED_ENDOCYTOSIS	1/91	101/11635	0.549091508804285	0.645505863669278	0.636161468557202	STON2	1
REACTOME_TRANSPORT_OF_INORGANIC_CATIONS_ANIONS_AND_AMINO_ACIDS_OLIGOPEPTIDES	REACTOME_TRANSPORT_OF_INORGANIC_CATIONS_ANIONS_AND_AMINO_ACIDS_OLIGOPEPTIDES	1/91	103/11635	0.556178827946491	0.652440548167999	0.642995766002016	SLC3A1	1
REACTOME_SIGNALING_BY_THE_B_CELL_RECEPTOR_BCR	REACTOME_SIGNALING_BY_THE_B_CELL_RECEPTOR_BCR	1/91	104/11635	0.559681058839387	0.653755109154943	0.644291297297748	ITPR2	1
WP_THERMOGENESIS	WP_THERMOGENESIS	1/91	104/11635	0.559681058839387	0.653755109154943	0.644291297297748	ADCY9	1
REACTOME_ADORA2B_MEDIATED_ANTI_INFLAMMATORY_CYTOKINES_PRODUCTION	REACTOME_ADORA2B_MEDIATED_ANTI_INFLAMMATORY_CYTOKINES_PRODUCTION	1/91	105/11635	0.563155954654634	0.656417450329923	0.646915098206463	ADCY9	1
NABA_CORE_MATRISOME	NABA_CORE_MATRISOME	2/91	242/11635	0.567846384562056	0.660482341365611	0.650921145550617	COL8A1/LGI4	2
REACTOME_CHROMATIN_MODIFYING_ENZYMES	REACTOME_CHROMATIN_MODIFYING_ENZYMES	2/91	244/11635	0.572349906048592	0.663917284834959	0.654306364500372	ARID5B/SETD3	2
REACTOME_DISEASES_OF_SIGNAL_TRANSDUCTION_BY_GROWTH_FACTOR_RECEPTORS_AND_SECOND_MESSENGERS	REACTOME_DISEASES_OF_SIGNAL_TRANSDUCTION_BY_GROWTH_FACTOR_RECEPTORS_AND_SECOND_MESSENGERS	3/91	379/11635	0.573218202207233	0.663917284834959	0.654306364500372	TCF7L2/CTBP2/PEBP1	3
REACTOME_MHC_CLASS_II_ANTIGEN_PRESENTATION	REACTOME_MHC_CLASS_II_ANTIGEN_PRESENTATION	1/91	110/11635	0.580127736427234	0.669096906089394	0.659411005138431	DNM1	1
REACTOME_REGULATION_OF_INSULIN_LIKE_GROWTH_FACTOR_IGF_TRANSPORT_AND_UPTAKE_BY_INSULIN_LIKE_GROWTH_FACTOR_BINDING_PROTEINS_IGFBPS	REACTOME_REGULATION_OF_INSULIN_LIKE_GROWTH_FACTOR_IGF_TRANSPORT_AND_UPTAKE_BY_INSULIN_LIKE_GROWTH_FACTOR_BINDING_PROTEINS_IGFBPS	1/91	110/11635	0.580127736427234	0.669096906089394	0.659411005138431	SERPINA1	1
REACTOME_TCR_SIGNALING	REACTOME_TCR_SIGNALING	1/91	111/11635	0.583442996816399	0.671509864260384	0.661789033131698	PTPRJ	1
REACTOME_NEURONAL_SYSTEM	REACTOME_NEURONAL_SYSTEM	3/91	386/11635	0.585758677697666	0.672350902751853	0.662617896681914	ADCY9/KCNC3/MAPT	3
WP_ESC_PLURIPOTENCY_PATHWAYS	WP_ESC_PLURIPOTENCY_PATHWAYS	1/91	112/11635	0.586732365723871	0.672350902751853	0.662617896681914	LIFR	1
REACTOME_G_ALPHA_I_SIGNALLING_EVENTS	REACTOME_G_ALPHA_I_SIGNALLING_EVENTS	2/91	251/11635	0.587847783826756	0.672350902751853	0.662617896681914	ADCY9/ITPR2	2
REACTOME_TRANSMISSION_ACROSS_CHEMICAL_SYNAPSES	REACTOME_TRANSMISSION_ACROSS_CHEMICAL_SYNAPSES	2/91	253/11635	0.592199997528767	0.674297289616477	0.664536107492798	ADCY9/MAPT	2
REACTOME_L1CAM_INTERACTIONS	REACTOME_L1CAM_INTERACTIONS	1/91	114/11635	0.593234227476791	0.674297289616477	0.664536107492798	DNM1	1
WP_MRNA_PROCESSING	WP_MRNA_PROCESSING	1/91	114/11635	0.593234227476791	0.674297289616477	0.664536107492798	DICER1	1
KEGG_TIGHT_JUNCTION	KEGG_TIGHT_JUNCTION	1/91	115/11635	0.596447115706946	0.675153539222914	0.665379961960651	YBX3	1
WP_CELL_CYCLE	WP_CELL_CYCLE	1/91	115/11635	0.596447115706946	0.675153539222914	0.665379961960651	CCND3	1
KEGG_CELL_CYCLE	KEGG_CELL_CYCLE	1/91	116/11635	0.599634903247802	0.675974459718775	0.666188998744992	CCND3	1
REACTOME_GENE_SILENCING_BY_RNA	REACTOME_GENE_SILENCING_BY_RNA	1/91	116/11635	0.599634903247802	0.675974459718775	0.666188998744992	DICER1	1
REACTOME_CARDIAC_CONDUCTION	REACTOME_CARDIAC_CONDUCTION	1/91	119/11635	0.609049593708078	0.685180792921587	0.675262060323451	ITPR2	1
REACTOME_SIGNALING_BY_NUCLEAR_RECEPTORS	REACTOME_SIGNALING_BY_NUCLEAR_RECEPTORS	2/91	265/11635	0.617604730778674	0.692687048975338	0.682659655207216	IGF1R/PDK4	2
REACTOME_GOLGI_TO_ER_RETROGRADE_TRANSPORT	REACTOME_GOLGI_TO_ER_RETROGRADE_TRANSPORT	1/91	122/11635	0.618245271398753	0.692687048975338	0.682659655207216	KIF13B	1
WP_EBOLA_VIRUS_PATHWAY_ON_HOST	WP_EBOLA_VIRUS_PATHWAY_ON_HOST	1/91	124/11635	0.624256542852523	0.697997641600887	0.687893371264223	IGF1R	1
REACTOME_FC_EPSILON_RECEPTOR_FCERI_SIGNALING	REACTOME_FC_EPSILON_RECEPTOR_FCERI_SIGNALING	1/91	125/11635	0.627226975881836	0.699893515770586	0.689761800606042	ITPR2	1
KEGG_AXON_GUIDANCE	KEGG_AXON_GUIDANCE	1/91	128/11635	0.635999632030455	0.705381410070141	0.695170251703677	UNC5D	1
REACTOME_DEGRADATION_OF_THE_EXTRACELLULAR_MATRIX	REACTOME_DEGRADATION_OF_THE_EXTRACELLULAR_MATRIX	1/91	128/11635	0.635999632030455	0.705381410070141	0.695170251703677	COL8A1	1
WP_ADIPOGENESIS	WP_ADIPOGENESIS	1/91	128/11635	0.635999632030455	0.705381410070141	0.695170251703677	LIFR	1
REACTOME_SIGNALING_BY_NTRKS	REACTOME_SIGNALING_BY_NTRKS	1/91	129/11635	0.638878230577881	0.707145460861404	0.696908765952951	DNM1	1
REACTOME_C_TYPE_LECTIN_RECEPTORS_CLRS	REACTOME_C_TYPE_LECTIN_RECEPTORS_CLRS	1/91	133/11635	0.650169195784532	0.718194946651325	0.707798298492534	ITPR2	1
WP_ENDODERM_DIFFERENTIATION	WP_ENDODERM_DIFFERENTIATION	1/91	134/11635	0.652936940801365	0.719803976907529	0.709384036296558	CTBP2	1
REACTOME_ASPARAGINE_N_LINKED_GLYCOSYLATION	REACTOME_ASPARAGINE_N_LINKED_GLYCOSYLATION	2/91	285/11635	0.657255980557856	0.723113293239004	0.712645446697053	F8/SERPINA1	2
REACTOME_INTRACELLULAR_SIGNALING_BY_SECOND_MESSENGERS	REACTOME_INTRACELLULAR_SIGNALING_BY_SECOND_MESSENGERS	2/91	292/11635	0.670348135093271	0.733143123075009	0.722530083904812	ADCY9/ITPR2	2
REACTOME_FACTORS_INVOLVED_IN_MEGAKARYOCYTE_DEVELOPMENT_AND_PLATELET_PRODUCTION	REACTOME_FACTORS_INVOLVED_IN_MEGAKARYOCYTE_DEVELOPMENT_AND_PLATELET_PRODUCTION	1/91	141/11635	0.671714008937576	0.733143123075009	0.722530083904812	KIF13B	1
REACTOME_MITOTIC_G1_PHASE_AND_G1_S_TRANSITION	REACTOME_MITOTIC_G1_PHASE_AND_G1_S_TRANSITION	1/91	141/11635	0.671714008937576	0.733143123075009	0.722530083904812	CCND3	1
WP_BRAINDERIVED_NEUROTROPHIC_FACTOR_BDNF_SIGNALING_PATHWAY	WP_BRAINDERIVED_NEUROTROPHIC_FACTOR_BDNF_SIGNALING_PATHWAY	1/91	141/11635	0.671714008937576	0.733143123075009	0.722530083904812	MAPT	1
WP_REGULATION_OF_ACTIN_CYTOSKELETON	WP_REGULATION_OF_ACTIN_CYTOSKELETON	1/91	142/11635	0.67431310630896	0.734519633657974	0.723886668009201	BAIAP2	1
WP_INTEGRATED_BREAST_CANCER_PATHWAY	WP_INTEGRATED_BREAST_CANCER_PATHWAY	1/91	143/11635	0.676891850529432	0.735868566219125	0.72521607331345	ZMYND8	1
HALLMARK_UV_RESPONSE_UP	HALLMARK_UV_RESPONSE_UP	1/91	145/11635	0.681988908811889	0.739944488019223	0.729232991739777	CCND3	1
REACTOME_TOLL_LIKE_RECEPTOR_CASCADES	REACTOME_TOLL_LIKE_RECEPTOR_CASCADES	1/91	146/11635	0.684507534512334	0.741212300684954	0.730482451446776	DNM1	1
WP_PI3KAKT_SIGNALING_PATHWAY	WP_PI3KAKT_SIGNALING_PATHWAY	2/91	303/11635	0.690112832036515	0.7458109149371	0.735014495786923	CCND3/IGF1R	2
WP_CHEMOKINE_SIGNALING_PATHWAY	WP_CHEMOKINE_SIGNALING_PATHWAY	1/91	153/11635	0.701593956660398	0.756729041663179	0.7457745708271	ADCY9	1
REACTOME_MAPK_FAMILY_SIGNALING_CASCADES	REACTOME_MAPK_FAMILY_SIGNALING_CASCADES	2/91	311/11635	0.703876228582443	0.757702057826983	0.746733501530188	CCND3/PEBP1	2
REACTOME_APOPTOSIS	REACTOME_APOPTOSIS	1/91	169/11635	0.737287782204981	0.791258610319268	0.779804286653444	MAPT	1
REACTOME_ION_CHANNEL_TRANSPORT	REACTOME_ION_CHANNEL_TRANSPORT	1/91	170/11635	0.739372799806529	0.791258610319268	0.779804286653444	TSC22D3	1
WP_RAS_SIGNALING	WP_RAS_SIGNALING	1/91	170/11635	0.739372799806529	0.791258610319268	0.779804286653444	IGF1R	1
HALLMARK_OXIDATIVE_PHOSPHORYLATION	HALLMARK_OXIDATIVE_PHOSPHORYLATION	1/91	175/11635	0.749554904421381	0.799040082577356	0.787473113689504	PDK4	1
KEGG_CHEMOKINE_SIGNALING_PATHWAY	KEGG_CHEMOKINE_SIGNALING_PATHWAY	1/91	175/11635	0.749554904421381	0.799040082577356	0.787473113689504	ADCY9	1
NABA_ECM_GLYCOPROTEINS	NABA_ECM_GLYCOPROTEINS	1/91	176/11635	0.751543604569519	0.799607439745476	0.788032257749352	LGI4	1
REACTOME_MUSCLE_CONTRACTION	REACTOME_MUSCLE_CONTRACTION	1/91	179/11635	0.757416472815914	0.80429718293218	0.792654111834226	ITPR2	1
HALLMARK_XENOBIOTIC_METABOLISM	HALLMARK_XENOBIOTIC_METABOLISM	1/91	184/11635	0.766900981061362	0.806970582700039	0.795288811250734	PDK4	1
REACTOME_INTRA_GOLGI_AND_RETROGRADE_GOLGI_TO_ER_TRAFFIC	REACTOME_INTRA_GOLGI_AND_RETROGRADE_GOLGI_TO_ER_TRAFFIC	1/91	184/11635	0.766900981061362	0.806970582700039	0.795288811250734	KIF13B	1
HALLMARK_ALLOGRAFT_REJECTION	HALLMARK_ALLOGRAFT_REJECTION	1/91	185/11635	0.768753396634099	0.806970582700039	0.795288811250734	CCND3	1
REACTOME_MITOTIC_G2_G2_M_PHASES	REACTOME_MITOTIC_G2_G2_M_PHASES	1/91	185/11635	0.768753396634099	0.806970582700039	0.795288811250734	CEP70	1
REACTOME_MITOTIC_PROMETAPHASE	REACTOME_MITOTIC_PROMETAPHASE	1/91	185/11635	0.768753396634099	0.806970582700039	0.795288811250734	CEP70	1
WP_CIRCADIAN_RHYTHM_RELATED_GENES	WP_CIRCADIAN_RHYTHM_RELATED_GENES	1/91	185/11635	0.768753396634099	0.806970582700039	0.795288811250734	PER3	1
REACTOME_G_ALPHA_Q_SIGNALLING_EVENTS	REACTOME_G_ALPHA_Q_SIGNALLING_EVENTS	1/91	186/11635	0.770591251735086	0.807356101531607	0.795668749280503	ITPR2	1
HALLMARK_MTORC1_SIGNALING	HALLMARK_MTORC1_SIGNALING	1/91	189/11635	0.77601858173735	0.807804276505323	0.796110436437036	GOT1	1
HALLMARK_HYPOXIA	HALLMARK_HYPOXIA	1/91	191/11635	0.779566051407352	0.807804276505323	0.796110436437036	MXI1	1
HALLMARK_APICAL_JUNCTION	HALLMARK_APICAL_JUNCTION	1/91	192/11635	0.781318890390394	0.807804276505323	0.796110436437036	BAIAP2	1
HALLMARK_EPITHELIAL_MESENCHYMAL_TRANSITION	HALLMARK_EPITHELIAL_MESENCHYMAL_TRANSITION	1/91	192/11635	0.781318890390394	0.807804276505323	0.796110436437036	TGFBR3	1
HALLMARK_INTERFERON_GAMMA_RESPONSE	HALLMARK_INTERFERON_GAMMA_RESPONSE	1/91	192/11635	0.781318890390394	0.807804276505323	0.796110436437036	ARID5B	1
REACTOME_ESR_MEDIATED_SIGNALING	REACTOME_ESR_MEDIATED_SIGNALING	1/91	192/11635	0.781318890390394	0.807804276505323	0.796110436437036	IGF1R	1
REACTOME_PHOSPHOLIPID_METABOLISM	REACTOME_PHOSPHOLIPID_METABOLISM	1/91	192/11635	0.781318890390394	0.807804276505323	0.796110436437036	INPP5F	1
HALLMARK_MITOTIC_SPINDLE	HALLMARK_MITOTIC_SPINDLE	1/91	193/11635	0.783057943171525	0.808080471430765	0.796382633142389	NEDD9	1
REACTOME_PROGRAMMED_CELL_DEATH	REACTOME_PROGRAMMED_CELL_DEATH	1/91	195/11635	0.786495118239435	0.810104727792588	0.798377586205331	MAPT	1
KEGG_REGULATION_OF_ACTIN_CYTOSKELETON	KEGG_REGULATION_OF_ACTIN_CYTOSKELETON	1/91	202/11635	0.798106463424033	0.82052518430673	0.808647195347828	BAIAP2	1
NABA_ECM_REGULATORS	NABA_ECM_REGULATORS	1/91	203/11635	0.799713418014115	0.820640498111681	0.808760839860807	SERPINA1	1
REACTOME_NEDDYLATION	REACTOME_NEDDYLATION	1/91	215/11635	0.818037732985639	0.837878200390142	0.825749007766337	ZBTB16	1
REACTOME_SENSORY_PERCEPTION	REACTOME_SENSORY_PERCEPTION	1/91	232/11635	0.84119184730854	0.859090004685265	0.84665374826618	CTBP2	1
WP_VEGFAVEGFR2_SIGNALING_PATHWAY	WP_VEGFAVEGFR2_SIGNALING_PATHWAY	2/91	416/11635	0.841876908052227	0.859090004685265	0.84665374826618	KCNC3/PTPRJ	2
WP_MAPK_SIGNALING_PATHWAY	WP_MAPK_SIGNALING_PATHWAY	1/91	235/11635	0.844963951389795	0.860640462547306	0.848181761574758	MAPT	1
REACTOME_NEUTROPHIL_DEGRANULATION	REACTOME_NEUTROPHIL_DEGRANULATION	2/91	437/11635	0.861352300309426	0.87570817198125	0.863031349627768	PTPRJ/SERPINA1	2
KEGG_MAPK_SIGNALING_PATHWAY	KEGG_MAPK_SIGNALING_PATHWAY	1/91	253/11635	0.865805693489577	0.878608735167796	0.865889924026934	MAPT	1
REACTOME_METABOLISM_OF_CARBOHYDRATES	REACTOME_METABOLISM_OF_CARBOHYDRATES	1/91	273/11635	0.885724766629736	0.897164016383256	0.884176597490162	GOT1	1
NABA_SECRETED_FACTORS	NABA_SECRETED_FACTORS	1/91	275/11635	0.887548011913589	0.897355172266225	0.884364986185102	EDA	1
REACTOME_EXTRACELLULAR_MATRIX_ORGANIZATION	REACTOME_EXTRACELLULAR_MATRIX_ORGANIZATION	1/91	279/11635	0.891108626631482	0.899298963273315	0.886280638716296	COL8A1	1
WP_FOCAL_ADHESIONPI3KAKTMTORSIGNALING_PATHWAY	WP_FOCAL_ADHESIONPI3KAKTMTORSIGNALING_PATHWAY	1/91	282/11635	0.893705697865477	0.900265005739719	0.887232696673791	IGF1R	1
REACTOME_RHO_GTPASE_EFFECTORS	REACTOME_RHO_GTPASE_EFFECTORS	1/91	285/11635	0.896241493240528	0.901165897049542	0.88812054660812	BAIAP2	1
REACTOME_TRANSCRIPTIONAL_REGULATION_BY_TP53	REACTOME_TRANSCRIPTIONAL_REGULATION_BY_TP53	1/91	333/11635	0.929552781991134	0.932951512455452	0.919446030873555	CRADD	1
REACTOME_M_PHASE	REACTOME_M_PHASE	1/91	369/11635	0.947365231491652	0.949094000162257	0.935354838622184	CEP70	1
REACTOME_SIGNALING_BY_INTERLEUKINS	REACTOME_SIGNALING_BY_INTERLEUKINS	1/91	414/11635	0.963485829381458	0.963485829381458	0.949538330557126	LIFR	1
